PROD_NAME	RELEASE	PROD_STAT	SRC_MNGMT_TOOL	ENDEVOR_PRODUCT	SRC_PHYS_LOC	APPROVERS_PMFKEY	ERC	SEM	SCAS  
1	12;12.6;11.5;14.0	Active	CSCRE/Endevor	"CA1,CTS,GATE"	The source resides on Endevor pool volumes MOTMxx;SMDxxx and ASMxxx volumes accessible from TSO1;CA11 and CA31.;Islandia Data Center	"[{""PMFKEY"":""kucka01""}]"			kucka01
7	r11.1;r11.3;r12.0	Active	CSCRE/Endevor;MOTM/Endevor	CA7	N/A	"[{""PMFKEY"":""macco01""}]"			macco01
11	r3.0; r11	Active	CSCRE/Endevor	AL7	N/A	"[{""PMFKEY"":""macco01""},{""PMFKEY"":""davfe01""}]"			macco01;davfe01
$LSRVDSN		Active	CSCRE/Endevor	$LSRVDSN		"[{""PMFKEY"":""damda01""}]"			damda01
(CATE) Tape Encryption	14.5;14.0;12.6;12.0	Active	CSCRE/Endevor	"CATE,GATE"	Islandia Data Center;Lisle DR location - Replicated	"[{""PMFKEY"":""kucka01""}]"			kucka01
**		Active	CSCRE/Endevor	**		"[{""PMFKEY"":""mcpja01""}]"			mcpja01
1 Copycat	11	Active	PDS and Source Code Control System (SCCS)	null	CATC000.*	"[{""PMFKEY"":""casjo02""},{""PMFKEY"":""carju01""}]"			casjo02
"7 Distributed Components (Job Flow Illustrator, CPS)"	r11.1;r11.3;r12.0	Active	CSCR/Harvest	null	CSCR102	"[{""PMFKEY"":""macco01""}]"			macco01
"7 Distributed Components (Job Flow Illustrator, CPS)"	r11.1;r11.3;r12.0	Active	CSCRE/Endevor	null	APC.MOTM.CA7*;APC.MOTM.IAS*	"[{""PMFKEY"":""macco01""}]"			macco01
ACCUCHECK	1.2	Active	CSCRE/Endevor	null	ASM.ACUCHKL2.CK120011.*;ASMDSK.CSCRE.ACCU.R12.*	"[{""PMFKEY"":""casjo02""},{""PMFKEY"":""hurro01""}]"			casjo02
ACF2 for z/OS	r14;r15	Active	Endevor;PDS	ACF	Islandia	"[{""PMFKEY"":""chate03""},{""PMFKEY"":""harde10""}]"		cheje18	chate03;harde10
ACM	r2.3	Stabilized	CSCR/Harvest	null	CSCR806/ACM	"[{""PMFKEY"":""cafjo01""},{""PMFKEY"":""stoda04""}]"		stoda04	cafjo01
ACMEW		Active	CSCR/Harvest	null	CSCR602	"[{""PMFKEY"":""janmi04""}]"			janmi04
ACMEW Support		Active	CSCR/Harvest	null	CSCR608	"[{""PMFKEY"":""ocleo01""}]"			ocleo01
AD		Active	CSCRE/Endevor	AD		"[{""PMFKEY"":""lynjo02""}]"		lynjo02	colde05
Aion BRE	r11	Active	CSCR/Harvest;Endevor	AION	"CSCR105/AionBRE,AionRM,AionJRE,Aion BRE"	"[{""PMFKEY"":""svami01""}]"		svami01	watke08
Aion CPAS	r4	Active	CSCR/Harvest;Endevor	AION	CSCR105/CPAS	"[{""PMFKEY"":""svami01""}]"		svami01	watke08
Aion Other		Active	CSCR/Harvest	null	CSCR105	"[{""PMFKEY"":""svami01""}]"		svami01	watke08
Aion Rule Manager (many platforms)	r11	Active	CSCR/Harvest		"CSCR105/AionProto,AionBRE Prototypes,Aion RM Prototypes,Aion10.2PlusOracle"	"[{""PMFKEY"":""svami01""}]"		svami01	watke08
ALC		Active	CSCRE/Endevor	ALC		"[{""PMFKEY"":""ricar01""}]"			ricar01
"Allegheny Collector, Asset Converter"		Active	CSCR/Harvest	null	"CSCR702/Allegheny Collector,Asset Converter - Anderson,SE Asset Converter"	"[{""PMFKEY"":""vakmo01""},{""PMFKEY"":""vensu02""}]"		vensu02	vakmo01
Allegheny/UAPM		Active	CSCR/Harvest	null	CSCR917	"[{""PMFKEY"":""vakmo01""},{""PMFKEY"":""vensu02""}]"		vensu02	vakmo01
Allocate	12.5;12.0;11.5	Active	CSCRE/Endevor	ALLOC	The source resides on CSCR** pool volumes accessible from TSO1;CA11 and CA31 or for release 12.6 from Endevor MOTM** volumes;The source resides on SMD*** pool volumes accessible from TSO1;CA11 and CA31 or for release 12.5 from Endevor MOTM** volumes.	"[{""PMFKEY"":""kucka01""}]"			kucka01
Analyzer Common	r12;r14;r14.5;r15;16.0;17.0;999;18.0;19.0	Internal	SCLM;Endevor	DBT	Source resides on DEV DASD packs.;The GA releases of the datasets are stored on DEVR volumes which are tier-1 backed up DASD volumes.   For the pre-beta and BETA releases;the datasets are allocated on DEV volumes which are not part of DR.    When the products are moved into GA;the datasets are moved to the DEVR volumes.	"[{""PMFKEY"":""tucjo02""}]"			tucjo02
APCDDS	r1.1	Stabilized	Librarian	null	OMMTL.SRC.APCMTL.TK11.psource;OMMTL.SRC.APCMTL.TK11.source	"[{""PMFKEY"":""raubr02""},{""PMFKEY"":""kokja01""}]"		kokja01	raubr02
APCDOC	r1.3	Active	Librarian	null	OMMTL.SRC.APCMTL.SU13	"[{""PMFKEY"":""cafjo01""},{""PMFKEY"":""stoda04""}]"		stoda04	cafjo01
APCTOOLS		Active	CSCRE/Endevor	APCTOOLS		"[{""PMFKEY"":""casjo02""},{""PMFKEY"":""carju01""}]"			casjo02
APM connectors		Active	CSCR/Harvest	null	CSCR709/apm	"[{""PMFKEY"":""fusle01""},{""PMFKEY"":""zhowe05""}]"			fusle01;zhowe05
APPDEV		Active	CSCRE/Endevor	APPDEV		"[{""PMFKEY"":""ricar01""}]"			ricar01
APPDynamics connector		Active	CSCR/Harvest	null	"CSCR709/appdynamics,applogic,bca,business-service-insight,ca-service-model,connect-wise-cmdb,Connector Unification,CSU,dbinsight,DSM,equal,GraphCheck"	"[{""PMFKEY"":""asisc01""},{""PMFKEY"":""bucgr01""}]"			asisc01;bucgr01
Appliance Development		Active	CSCR/Harvest	null	CSCR624	"[{""PMFKEY"":""bremi05""}]"			bremi05
Application Configuration Manager		Active	CSCR/Harvest	null	CSCR708	"[{""PMFKEY"":""akupr01""}]"			akupr01;treje05
Applications Configuration Manager / CA Configuration Automation Catalyst Connectors	12.8;trunk	Active	CSCR/Harvest	null	CSCR709/cca	"[{""PMFKEY"":""minni01""}]"		minni01	
ARZOS		Active	CSCRE/Endevor	ARZOS		"[{""PMFKEY"":""bosry01""}]"			bosry01
ASM2	4.2	Active	CSCRE/Endevor	null	ASMDSK.CSCRE.*;ASMDSK.ASM2DV.R420.*	"[{""PMFKEY"":""casjo02""},{""PMFKEY"":""hurro01""}]"			casjo02
ASSOC		Active	CSCRE/Endevor	ASSOC		"[{""PMFKEY"":""ricar01""}]"			ricar01
Astex	2.8	Active	CSCRE/Endevor	ASTEX	"The SMD volume pool on z/OS which is accessible from TSO1, CA11, CA31 and others. SCCS only on TSO1. "	"[{""PMFKEY"":""kucka01""}]"			kucka01
Auditor - Common Srvcs (CAECIS)	r12;r12.1	Active	PDS;Endevor	AUDIT	Islandia	"[{""PMFKEY"":""chate03""},{""PMFKEY"":""harde10""}]"		cheje18	chate03;harde10
AUDTT		Active	CSCRE/Endevor	AUDTT		"[{""PMFKEY"":""chate03""},{""PMFKEY"":""harde10""}]"		tunem01	chate03;harde10
AutoSys	r11	Active	CSCR/Harvest	null	CSCR109	"[{""PMFKEY"":""minni01""},{""PMFKEY"":""badve01""}]"		minni01	badve01
AutoSys	r11.3*;r11.4;trunk	Active	CSCR/Harvest	null	"CSCR102/AutoSys, CSCR709/wa-autosys"	"[{""PMFKEY"":""minni01""},{""PMFKEY"":""badve01""}]"		minni01	abbwi01
AutoSys Other		Active	CSCR/Harvest	null	CSCR102	"[{""PMFKEY"":""minni01""},{""PMFKEY"":""badve01""}]"		minni01	badve01
Batch Processor	r12;r14;r14.5;r15;16.0;17.0;999;18.0;19.0	Active	SCLM;Endevor	DBT	Source resides on DEV DASD packs.;The GA releases of the datasets are stored on DEVR volumes which are tier-1 backed up DASD volumes.   For the pre-beta and BETA releases;the datasets are allocated on DEV volumes which are not part of DR.    When the products are moved into GA;the datasets are moved to the DEVR volumes.	"[{""PMFKEY"":""tucjo02""}]"			tucjo02
Bind Analyzer	r12;r14;r14.5;r15;16.0;17.0;999;18.0;19.0	Active	SCLM;Endevor	DBT	Source resides on DEV DASD packs.;The GA releases of the datasets are stored on DEVR volumes which are tier-1 backed up DASD volumes.   For the pre-beta and BETA releases;the datasets are allocated on DEV volumes which are not part of DR.    When the products are moved into GA;the datasets are moved to the DEVR volumes.	"[{""PMFKEY"":""tucjo02""}]"			tucjo02
Blockmaster	2.2	Active	CSCRE/Endevor;PDS	null	ASM.BLKMST-;ASMDSK.BLKMST-	"[{""PMFKEY"":""casjo02""},{""PMFKEY"":""hurro01""}]"			casjo02
BrightStor Distributed		End of Life	CSCR/Harvest	null	CSCR503	"[{""PMFKEY"":""ganra08""}]"			ganra08
BSDBA		Active	CSCRE/Endevor	BSDBA		"[{""PMFKEY"":""tucjo02""}]"			tucjo02
BSO Asset Intelligence		Active	CSCR/Harvest	null	CSCR610	"[{""PMFKEY"":""banza01""}]"			banza01
BUNDL	r5.0	Active	CSCRE/Endevor	BUNDL	N/A	"[{""PMFKEY"":""niead01""},{""PMFKEY"":""obega01""},{""PMFKEY"":""strmi03""}]"		kokja01	niead01;obega01;strmi03
C20		End of Life	CSCR/Harvest	null	CSCR619	"[{""PMFKEY"":""ganra08""}]"			ganra08
CA Access Control		Active	CSCR/Harvest	null	"CSCR402/AC,FLASH,GORDON,HAWKEYE,SC"	"[{""PMFKEY"":""sarav02""},{""PMFKEY"":""matsu04""}]"		matsu04	sarav02
CA Access Control Other		Active	CSCR/Harvest	null	CSCR402	"[{""PMFKEY"":""sarav02""},{""PMFKEY"":""matsu04""}]"		matsu04	sarav02
CA APIM -Concierge - Orchestrator	r1.0	Inactive	CSCR/Harvest	null	CSCR807	"[{""PMFKEY"":""munbh01""}]"		bhara24	munbh01
CA Application Lifecycle Conductor	r12	Active	CSCR/Harvest	null	CSCR606_R12.5/ACMEW	"[{""PMFKEY"":""layro01""}]"			layro01
CA Application Lifecycle Conductor	v17;v18	Active	CSCR/Harvest	null	"CSCR606_R12.5/AEECL,AENWS"	"[{""PMFKEY"":""layro01""}]"			layro01
CA CATALYST / USM Connector Project / SSA	1.*2.0;2.5;3.0	Active	CSCR/Harvest	null	CSCR929	"[{""PMFKEY"":""taoyu04""}]"		merja01	taoyu04
CA CATALYST / USM Connector Project / SSA	1.7;trunk	Active	CSCR/Harvest	null	"CSCR709/spectrum-sa,ssa,nimsoft"	"[{""PMFKEY"":""taoyu04""}]"		merja01	taoyu04
CA Clarity PPM	13.0;13.1;13.2;13.3;14.1;14.2;14.3;trunk	Active	CSCR/Harvest	null	CSCR612	"[{""PMFKEY"":""papgo01""}]"		aruma01	papgo01
CA Clarity PPM Catalyst Connector	r14.2;trunk	Active	CSCR/Harvest	null	CSCR709/clarity	"[{""PMFKEY"":""papgo01""},{""PMFKEY"":""yadga02""}]"		aruma01	papgo01
CA CMDB		Active	CSCR/Harvest	null	CSCR616/CA-CMDB	"[{""PMFKEY"":""vakmo01""},{""PMFKEY"":""vensu02""}]"		vensu02	vakmo01
CA GWT		Active	CSCR/Harvest	null	CSCR618	"[{""PMFKEY"":""mitsa06""}]"			mitsa06
CA Labs LabTrack		Active	CSCR/Harvest	null	CSCR1308	"[{""PMFKEY"":""munvi02""}]"			munvi02
CA LDAP	15.0;15.1	Active	SVN;Endevor	CAEIG	Lisle;IL	"[{""PMFKEY"":""chate03""},{""PMFKEY"":""harde10""}]"		cheje18	chate03;harde10
CA Picasso		Active	CSCR/Harvest	null	CSCR625	"[{""PMFKEY"":""vakmo01""}]"			vakmo01
CA Products--Datacom		Active	CSCR/Harvest	null	CSCR805	"[{""PMFKEY"":""behka01""},{""PMFKEY"":""elwly02""},{""PMFKEY"":""hogmi01""}]"			behka01;elwly02;hogmi01
CA Products--Easy View / Intraccess		End of Life	CSCR/Harvest	null	CSCR804	"[{""PMFKEY"":""shika01""}]"			shika01
CA TS other		Active	CSCR/Harvest	null	CSCR1001	"[{""PMFKEY"":""nagpr01""}]"			nagpr01
CA Web Administrator	15.0;Chorus 3.0;Chorus 4.0	Active	SVN;Endevor	"CAEIG,CAE1M"	Lisle;IL	"[{""PMFKEY"":""chate03""},{""PMFKEY"":""harde10""}]"		cheje18	chate03;harde10
CA WF	1.1.5 SP6	Active	CSCR/Harvest	null	CSCR110/Workflow	"[{""PMFKEY"":""vensu02""},{""PMFKEY"":""desan04""}]"		vensu02	desan04
CA7 Smart Console	1.1	Active	PDS	null	MFBUMISC.OPERA.DIST31.+;MFBUMISC.OPERA.DEVLR32.MACLIB	"[{""PMFKEY"":""davfe01""},{""PMFKEY"":""slejo01""}]"	davfe01		slejo01
CA90s for Fujitsu	r1.0	Active	PDS	null	CA90SMVS.MOTM.FUJITSU.*	"[{""PMFKEY"":""kazri01""},{""PMFKEY"":""wooky01""},{""PMFKEY"":""natco02""}]"			kazri01;wooky01;natco02
CA90s for Hitachi	r1.0	Active	PDS	null	CA90SMVS.MOTM.HITACHI.*	"[{""PMFKEY"":""kazri01""},{""PMFKEY"":""wooky01""},{""PMFKEY"":""natco02""}]"			kazri01;wooky01;natco02
CAACF		Active	CSCRE/Endevor	CAACF		"[{""PMFKEY"":""chate03""},{""PMFKEY"":""harde10""}]"		tunem01	chate03;harde10
Calendar Routines	6	Active	PDS	null	CDE.TCCR60.*	"[{""PMFKEY"":""dubmi01""}]"		dubmi01	dubmi01
CAMS/Emerging Technologies		End of Life	CSCR/Harvest	null	CSCR1102	"[{""PMFKEY"":""ganra08""}]"			ganra08
CASAF		Active	CSCRE/Endevor	CASAF		"[{""PMFKEY"":""chate03""},{""PMFKEY"":""harde10""}]"		tunem01	chate03;harde10
CASEC		Active	CSCRE/Endevor	CASEC		"[{""PMFKEY"":""kucka01""}]"	angth01	giero01	kucka01
Catalog Facility Common	r12;r14;r14.5;r15;16.0;17.0;999;18.0;19.0	Internal	SCLM;Endevor	DBT	Source resides on DEV DASD packs.;The GA releases of the datasets are stored on DEVR volumes which are tier-1 backed up DASD volumes.   For the pre-beta and BETA releases;the datasets are allocated on DEV volumes which are not part of DR.    When the products are moved into GA;the datasets are moved to the DEVR volumes.	"[{""PMFKEY"":""tucjo02""}]"			tucjo02
Catalyst Connector other		Active	CSCR/Harvest	null	CSCR709	"[{""PMFKEY"":""chaso05""}]"			chaso05
CBDM		Active	CSCRE/Endevor	CBDM		"[{""PMFKEY"":""tucjo02""}]"			tucjo02
CCE ATG		Active	CSCR/Harvest	null	CSCR1303	"[{""PMFKEY"":""sousr01""}]"			sousr01
CCE Insight		Active	CSCR/Harvest	null	CSCR1301/CA Business Service Insight	"[{""PMFKEY"":""kerro06""},{""PMFKEY"":""natco02""}]"			kerro06;natco02
CCIPC	r2.1;r12.0;r12.1;r14.0;r14.1	Active	CSCR/Harvest	null	CSCR920	"[{""PMFKEY"":""helke03""},{""PMFKEY"":""natco02""}]"		tunem01	helke03;natco02
CEM		Active	CSCRE/Endevor	CEM		"[{""PMFKEY"":""chate03""},{""PMFKEY"":""harde10""}]"		tunem01	chate03;harde10
CEWIT		Active	CSCR/Harvest	null	CSCR703	"[{""PMFKEY"":""kimhy08""}]"			kimhy08
Change Manager Enterprise Workbench (CMEW)	r12   	Active	CSCR/Harvest	null	CSCR606_R12.5	"[{""PMFKEY"":""ricar01""},{""PMFKEY"":""melmi08""}]"		ricar01	svami01;melmi08
Chorus	r3.0;r4.0	Active	CSCR/Harvest;CVS;RTC;MF 2.0 Endevor	"CHOIN,FLO"	CSCR702	"[{""PMFKEY"":""sajna02""}]"		sajna02	sajna02
Chorus DB2 Database Mgmt Role	1.0;2.0;16.0;17.0;18.0;19.0	Active	CSCRE/Endevor;RTC server https://cscrtc03.ca.com	"FDB2,DBT"	Source Resides on DEV DASD packs  The GA releaase of the datasets are stored on DEVR volumes which are tier-1 backed up DASD volumes. For the pre-beta and BETA release the datasets are allocated on DEV volumes which are not part of DR.  When the products are moved into GA the datasets are moved to the DEVR volumes;Source also kept on RTC Server https://cscrrtc003.ca.com/ccm/	"[{""PMFKEY"":""tucjo02""}]"			tucjo02
Chorus DB2 Database Mgmt Role	2.0;2.5;3.0;4.0	Active	Endevor;RTC server  https://cscrrtc003.ca.com/ccm/	MDB2	Source Resides on DEV DASD packs  The GA releaase of the datasets are stored on DEVR volumes which are tier-1 backed up DASD volumes. For the pre-beta and BETA release the datasets are allocated on DEV volumes which are not part of DR.  When the products are moved into GA the datasets are moved to the DEVR volumes   RTC server   https://cscrtc03.ca.com	"[{""PMFKEY"":""tucjo02""},{""PMFKEY"":""gorsu02""},{""PMFKEY"":""maltr01""},{""PMFKEY"":""sajna02""}]"			gorsu02;maltr01;sajna02;tucjo02
Chorus Security Discipline	3.0;4.0	Active	SVN;MF 2.0 Endevor	CAE1M	Lisle;IL 251-b212-auto.ca.com	"[{""PMFKEY"":""chate03""},{""PMFKEY"":""harde10""}]"		cheje18	chate03;harde10
Chorus Storage Role	2.0;2.5;3.0	Active	CSCR/Harvest;Endevor;RTC	STOCH	"CSCR504/Chorus,Distributed Storage Chorus Role;CSCR702"	"[{""PMFKEY"":""kucka01""}]"			kucka01
Chorus Time Series Facility (TSF)	r3.0;r2.5;r2.0;r1.0;r4.0	Active	PDS;Endevor	NETM	GIS Islandia data center	"[{""PMFKEY"":""joheu02""},{""PMFKEY"":""hoojo03""},{""PMFKEY"":""tholo01""}]"	angth01	norst02	hoojo03;joheu02;tholo01
CI Manager		Active	CSCR/Harvest	null	CSCR611	"[{""PMFKEY"":""ragdi01""}]"		ragdi01	bucgr01
CICSort	2.1	Stabilized	PDS	null	MFBUMISC.ASM.CSRTMSDV.+	"[{""PMFKEY"":""cafjo01""},{""PMFKEY"":""stoda04""}]"		stoda04	cafjo01
"CIS for VSE (System Adapter,  CUI, CCI, ENF, CICSSPAWN, CICSMAC, CAAUDIT, GSSVSE, CAIPROD, CAPRDSEL, CATALOG IXVTOC)"	6.0;6.1	Active	CMS	null	VSEDEV.ADAPTER.;VSEDEV.CUI.;VSEDEV.CCIVSE.;VSEDEV.ENF.;VSEDEV.CATALOG.IXVTOC;VSEDEV.CAIPROD.GSS.42;VSEDEV.CAPRDSEL.SOURCE;COLSFS.CUI.;COLSFS.COMMON.;COLSFS.CAAUDIT.;COLSFS.GSSVSE.;VSEDEV.CCIVM.;VSEDEV.TCPIP	"[{""PMFKEY"":""stoda04""},{""PMFKEY"":""cafjo01""}]"		stoda04	cafjo01
"CIS VM Components (Activator, Task Manager, Panel Manager, Catalog Manager, System Adapter, I/O Subsystem)"	r1.0	Active	CPM	null	CMS;Disks:;ADAPTCMS;CACT;CAMT;CAPRODVM;CAPANMAN;TASKMAN;CCIVMDVL;CDSM;CASE;SFS;Directories:;VSEDEV.CATALOG	"[{""PMFKEY"":""jambr01""}]"		jambr01	
Clarity R12		Active	CSCR/Harvest	null	CSCR617	"[{""PMFKEY"":""asisc01""},{""PMFKEY"":""bucgr01""}]"			asisc01;bucgr01
Cleanup for MF Security	12.0;12.1	Active	Endevor;PDS	ETCLA	USLIDAMD	"[{""PMFKEY"":""chate03""},{""PMFKEY"":""harde10""}]"		cheje18	chate03;harde10
Cleanup for RACF	12.0;12.1	Active	PDS;Endevor	ETCLR	Islandia	"[{""PMFKEY"":""chate03""},{""PMFKEY"":""harde10""}]"		cheje18	chate03;harde10
Cleanup for Top Secret	12.0;12.1	Active	Endevor;PDS	ETCLT	Islandia	"[{""PMFKEY"":""chate03""},{""PMFKEY"":""harde10""}]"		cheje18	chate03;harde10
CleverPath Portal		End of Life	CSCR/Harvest	null	CSCR104	"[{""PMFKEY"":""faudo01""}]"			
CleverPath Reporter	4.01; 4.1; 4.2	End of Life	CSCR/Harvest	null	CSCR704	"[{""PMFKEY"":""puiro01""},{""PMFKEY"":""shaha07""}]"		puiro01	shaha07
CMDB		Active	CSCR/Harvest	null	CSCR616	"[{""PMFKEY"":""vakmo01""},{""PMFKEY"":""vensu02""}]"		vensu02	vakmo01
CMDB Connector for z/OS	r2.0;r1.0	Active	PDS;Endevor	NETM	GIS Islandia data center	"[{""PMFKEY"":""joheu02""},{""PMFKEY"":""angth01""},{""PMFKEY"":""norst02""}]"	angth01	norst02	joheu02
CMPRS		Active	CSCRE/Endevor	CMPRS		"[{""PMFKEY"":""kucka01""}]"	angth01	giero01	kucka01
Cobol/XE	3.0.2	Active	PDS;CMS	null	MFBUMISC.IM1SUP.UFO+	"[{""PMFKEY"":""cafjo01""},{""PMFKEY"":""stoda04""}]"		stoda04	cafjo01
Common Framework	r12	End of Life	SCLM	null	CGN.PRD+++S.;CGN.HLD+++S.;CGN.BLD+++S.;CGN.INP+++S.;CGN.WRK+++S.;CGN.WK++++S.	"[{""PMFKEY"":""tucjo02""}]"			tucjo02
Common Insight Services	r12;r14;r14.5;r15;16.0;17.0;999;18.0;19.0	Internal	SCLM;Endevor	DBT	Source resides on DEV DASD packs.;The GA releases of the datasets are stored on DEVR volumes which are tier-1 backed up DASD volumes.   For the pre-beta and BETA releases;the datasets are allocated on DEV volumes which are not part of DR.    When the products are moved into GA;the datasets are moved to the DEVR volumes.	"[{""PMFKEY"":""tucjo02""}]"			tucjo02
Common Services	r12;r14;r14.5;r15;16.0;17.0;999;18.0;19.0	Internal	SCLM;Endevor	DBT	Source resides on DEV DASD packs.;The GA releases of the datasets are stored on DEVR volumes which are tier-1 backed up DASD volumes.   For the pre-beta and BETA releases;the datasets are allocated on DEV volumes which are not part of DR.    When the products are moved into GA;the datasets are moved to the DEVR volumes.	"[{""PMFKEY"":""tucjo02""}]"			tucjo02
Common Services for z/OS	r11; r12; r14; r14.1	Active	CSCRE/Endevor	CCS	N/A	"[{""PMFKEY"":""kazri01""},{""PMFKEY"":""benro02""},{""PMFKEY"":""feese01""}]"		tunem01	benro02;feese01;kazri01
Compile/PRF	r12;r14;r14.5;r15;16.0;17.0;999;18.0;19.0	Active	SCLM;Endevor	DBT	Source resides on DEV DASD packs.;The GA releases of the datasets are stored on DEVR volumes which are tier-1 backed up DASD volumes.   For the pre-beta and BETA releases;the datasets are allocated on DEV volumes which are not part of DR.    When the products are moved into GA;the datasets are moved to the DEVR volumes.	"[{""PMFKEY"":""tucjo02""}]"			tucjo02
Compliance Manager	r2	Active	CSCRE/Endevor;SVN	COMGR	SVN: 251-b212-auto Lisle;IL	"[{""PMFKEY"":""chate03""},{""PMFKEY"":""harde10""}]"		cheje18	chate03;harde10
Compress DB2	3.2.0	Active	PDS	null	MFBUMISC.CMPRS.+	"[{""PMFKEY"":""stoda04""},{""PMFKEY"":""cafjo01""}]"		stoda04	cafjo01
Compress for IMS	r15;r16;r18;19.0	Active	SCLM;Endevor	IMS	Source resides on DEV DASD packs.	"[{""PMFKEY"":""strji02""}]"			strji02
Configuration Manager for IMS	r14;r15;r16;r18;19.0	Active	SCLM;Endevor	IMS	Source resides on DEV DASD packs.    	"[{""PMFKEY"":""strji02""}]"			strji02
Connector to SSA-Catalyst (NetQos)		Active	CSCR/Harvest	null	"CSCR709/ssa,netqos"	"[{""PMFKEY"":""taoyu04""}]"			taoyu04
CONVERTOR	1.3	Active	CSCRE/Endevor	null	ASMDSK.CSCRE.CONV.R13.*;ASM.CMODV.*;ASM.CONVTRL2.*;ASM.CTFDV.*	"[{""PMFKEY"":""casjo02""},{""PMFKEY"":""hurro01""}]"			casjo02
Copycat Utility	12	Active	CSCRE/Endevor	CATC	Islandia Data Center;Lisle DR location - Replicated	"[{""PMFKEY"":""kucka01""}]"			kucka01
Cost Optimizer	1	Active	Endevor;z/OS	CSTPT	CSCR702	"[{""PMFKEY"":""dubmi01""},{""PMFKEY"":""sajna02""}]"		dubmi01	sajna02
CPM		Active	CSCRE/Endevor	CPM		"[{""PMFKEY"":""casjo02""},{""PMFKEY"":""carju01""}]"			casjo02
CPS		Active	CSCRE/Endevor	CPS		"[{""PMFKEY"":""macco01""}]"			macco01
CREWS	4.5;4.3;4.2	Active	CSCRE/Endevor	CREW	Islandia Data Center	"[{""PMFKEY"":""kucka01""}]"			kucka01
CSCR Management Pool		End of Life	CSCR/Harvest	null	CSCR601	"[{""PMFKEY"":""gaoyu01""},{""PMFKEY"":""faudo01""}]"			gaoyu01;faudo01
CPortal SDK		Inactive	CSCR/Harvest	null	CSCR101	"[{""PMFKEY"":""ganma02""}]"			ganma02
Cybermation ESP dSeries	r5.*; r11.1; r11.3;trunk	Active	CSCR/Harvest;RTC	null	CSCR102/dSeries;CSCR709/wa-dseries	"[{""PMFKEY"":""parkr02""},{""PMFKEY"":""minni01""}]"		minni01	parkr02
D2V		Active	CSCRE/Endevor	D2V		"[{""PMFKEY"":""baljo03""},{""PMFKEY"":""madca02""}]"		jambr01	baljo03;madca02
DADS Plus	4	Active	Librarian	null	AD1DEV.DADSPL40.*	"[{""PMFKEY"":""dubmi01""}]"		dubmi01	dubmi01
DADS Plus	Base	Active	CSCRE/Endevor	null	TFM.CSCRE.DADSPL41.*	"[{""PMFKEY"":""dubmi01""}]"		dubmi01	dubmi01
DADSP		Active	CSCRE/Endevor	DADSP		"[{""PMFKEY"":""dubmi01""},{""PMFKEY"":""davsc01""}]"		minni01	davsc01;dubmi01
DASDCHECK	3.2	Active	PDS	null	ASM.DASCHKL2.*	"[{""PMFKEY"":""casjo02""},{""PMFKEY"":""hurro01""}]"			casjo02
Data Content Discovery	1	Active	Endevor;GIT	CAFEY	Islandia;NY	"[{""PMFKEY"":""chate03""},{""PMFKEY"":""harde10""}]"		cheje18	chate03;harde10
Database Analyzer	r12;r14;r14.5;r15;16.0;17.0;999;18.0;19.0	Active	SCLM;Endevor	DBT	Source resides on DEV DASD packs.;The GA releases of the datasets are stored on DEVR volumes which are tier-1 backed up DASD volumes.   For the pre-beta and BETA releases;the datasets are allocated on DEV volumes which are not part of DR.    When the products are moved into GA;the datasets are moved to the DEVR volumes.	"[{""PMFKEY"":""tucjo02""}]"			tucjo02
Database Analyzer	r14;r15;r16;r18;19.0	Active	SCLM;Endevor	IMS	Source resides on DEV DASD packs.    	"[{""PMFKEY"":""strji02""}]"			strji02
Database Analyzer Services	r12;r14;r14.5;r15;16.0;17.0;999;18.0;19.0	Internal	SCLM;Endevor	DBT	Source resides on DEV DASD packs.;The GA releases of the datasets are stored on DEVR volumes which are tier-1 backed up DASD volumes.   For the pre-beta and BETA releases;the datasets are allocated on DEV volumes which are not part of DR.    When the products are moved into GA;the datasets are moved to the DEVR volumes.	"[{""PMFKEY"":""tucjo02""}]"			tucjo02
Database Copier	r14;r15;r16;r18;19.0	Active	SCLM;Endevor	IMS	Source resides on DEV DASD packs.    	"[{""PMFKEY"":""strji02""}]"			strji02
Database Management for Distributed Databases	11.2.2;11.2.4;11.2.4SP1;11.3;11.4;11.4L10N;11.5;11.6	Active	CSCR/Harvest	null	"CSCR201/DDC,UDM,TSx,Insight UI,FUM,FUO,FUU,UDCC,Web XD"	"[{""PMFKEY"":""balmu02""},{""PMFKEY"":""c__sh01""}]"		c__sh01	balmu02
Database Management for Distributed Databases		Active	CSCR/Harvest	null	"CSCR201/Fast Unload,FUS,TSR,Web FU,Web TSR"	"[{""PMFKEY"":""balmu02""},{""PMFKEY"":""c__sh01""}]"		c__sh01	balmu02
Database Organizer	r14;r15;r16;r18;19.0	Active	SCLM;Endevor	IMS	Source resides on DEV DASD packs.    	"[{""PMFKEY"":""strji02""}]"			strji02
Datacom CICS Services	11.0;14.0;15.0	Active	CSCRE/Endevor	"DBC,DATCM"	N/A	"[{""PMFKEY"":""lynjo02""}]"		lynjo02	lynjo02
Datacom DB/DD/DQ/SQL/Presspack/Fast Restore	11.0;12.0;14.0;15.0	Active	CSCRE/Endevor	DATCM	N/A	"[{""PMFKEY"":""lynjo02""}]"		lynjo02	lynjo02
Datacom DLI-Transparency	2.3; 12.0	Active	CSCRE/Endevor	"DBDT,DATCM"	N/A	"[{""PMFKEY"":""lynjo02""}]"		lynjo02	lynjo02
Datamacs II	1.2	Active	Librarian	null	CDE.DMACS.DEVL.V1R3.*	"[{""PMFKEY"":""dubmi01""}]"		dubmi01	dubmi01
Dataset Facility	r12;r14;r14.5;r15;16.0;17.0;999;18.0;19.0	Active	SCLM;Endevor	DBT	Source resides on DEV DASD packs.;The GA releases of the datasets are stored on DEVR volumes which are tier-1 backed up DASD volumes.   For the pre-beta and BETA releases;the datasets are allocated on DEV volumes which are not part of DR.    When the products are moved into GA;the datasets are moved to the DEVR volumes.	"[{""PMFKEY"":""tucjo02""}]"			tucjo02
Date Simulator	2	Active	CSCRE/Endevor	null	TFM.CSCRE.TWARP20.*	"[{""PMFKEY"":""dubmi01""}]"		dubmi01	dubmi01
DateSolver 2000	1	End of Life	PDS	null	CDE.DATESOLV.*	"[{""PMFKEY"":""dubmi01""}]"		dubmi01	dubmi01
DB2 Common Services for Security	r1.2;r1.3	Active	PDS;Endevor	CMBAV	Islandia	"[{""PMFKEY"":""chate03""},{""PMFKEY"":""harde10""}]"		cheje18	chate03;harde10
DBAPD		Active	CSCRE/Endevor	DBAPD		"[{""PMFKEY"":""tucjo02""}]"			tucjo02
DBSRV		Active	CSCRE/Endevor	DBSRV		"[{""PMFKEY"":""lynjo02""}]"		lynjo02	colde05
DBVT		Active	CSCRE/Endevor	DBVT		"[{""PMFKEY"":""lynjo02""}]"		lynjo02	colde05
DC Monitor Extensions	r11; r11.5 r11.6	Retired	SCLM	null	IDC.PRD+++S.;IDC.HLD+++S.;IDC.HLD+++S.;IDC.INP+++S.;IDC.WRK+++S.;IDC.WK++++S.	"[{""PMFKEY"":""tucjo02""}]"			tucjo02
Deliver	11.5;11.6;11.7;12.0;12.1;12.2	Active	Endevor;CSCRE/Harvest	DLVR	Endevor	"[{""PMFKEY"":""niead01""},{""PMFKEY"":""obega01""},{""PMFKEY"":""strmi03""}]"		kokja01	niead01;obega01;strmi03
DELIVER	 Release 3.2	Active	CMS	null	Type:;SFS;EPSAR;Type:;CMS;Disk;Directories:;VSEDEV.DELIVER	"[{""PMFKEY"":""stoda04""},{""PMFKEY"":""cafjo01""}]"		stoda04	cafjo01
Detector	r12;r14;r14.5;r15;16.0;17.0;999;18.0;19.0	Active	SCLM;Endevor	DBT	Source resides on DEV DASD packs.;The GA releases of the datasets are stored on DEVR volumes which are tier-1 backed up DASD volumes.   For the pre-beta and BETA releases;the datasets are allocated on DEV volumes which are not part of DR.    When the products are moved into GA;the datasets are moved to the DEVR volumes.	"[{""PMFKEY"":""tucjo02""}]"			tucjo02
Disk	12.5; 12.6	Active	CSCRE/Endevor	DISK	Islandia Data Center	"[{""PMFKEY"":""kucka01""}]"			kucka01
Disk MSP/VOS3	9.2	Stabilized	Source Code Control System (SCCS)	null	DISK910.*.*	"[{""PMFKEY"":""casjo02""},{""PMFKEY"":""hurro01""}]"			casjo02
"Disk USS (UNIX, stabilized)"	2	Active	Source Code Control System (SCCS)	null	SDX1200.*;SDI1200.*	"[{""PMFKEY"":""casjo02""},{""PMFKEY"":""hurro01""}]"			casjo02
Dispatch	11.0;11.6;11.7	Active	CSCRE/Endevor;MSPS	DISPA	Endevor	"[{""PMFKEY"":""niead01""},{""PMFKEY"":""obega01""},{""PMFKEY"":""strmi03""}]"		kokja01	niead01;obega01;strmi03
DRAS	r11.5;r12.0;r12.1;r12.2;11.6;11.7	Active	CSCRE/Endevor	DRAS	N/A	"[{""PMFKEY"":""niead01""},{""PMFKEY"":""obega01""},{""PMFKEY"":""strmi03""}]"		kokja01	niead01;obega01;strmi03
DRIVER	 Release 7.3	Active	CSCR/Harvest;CMS	null	HARDCOPY;in;Columbus;also;images;on;CD-ROM;and;on;CSCR;at;/CSCR801/CA_Driver_for_VSE/Development/Packages/Driver;Listings/;Type:;Hardcopy	"[{""PMFKEY"":""stoda04""},{""PMFKEY"":""cafjo01""}]"		stoda04	cafjo01
DSST		Active	CSCRE/Endevor	DSST		"[{""PMFKEY"":""tucjo02""}]"			tucjo02
DUO	5.2	Active	CSCRE/Endevor	null	ASM.DUODV.*;ASM.DUOL2.*;ASM.DUOL1.*	"[{""PMFKEY"":""casjo02""},{""PMFKEY"":""hurro01""}]"			casjo02
DVWEB		Active	CSCRE/Endevor	DVWEB		"[{""PMFKEY"":""niead01""},{""PMFKEY"":""obega01""},{""PMFKEY"":""strmi03""}]"		kokja01	niead01;obega01;strmi03
"DYNAM.VSE (T, D, FI, FastVTOC)"	 Release 7.1; 7; 6	Active	CMS	null	CMS;Disks:;CATMAN;CAPRODVM;SFS;Directories:;VSEDEV.DYNAM;VSEDEV.IXVTOC	"[{""PMFKEY"":""stoda04""},{""PMFKEY"":""cafjo01""}]"		stoda04	cafjo01
EA.		Active	CSCRE/Endevor	EA.		"[{""PMFKEY"":""ricar01""}]"			ricar01
EA140		Active	CSCRE/Endevor	EA140		"[{""PMFKEY"":""ricar01""}]"			ricar01
EA150		Active	CSCRE/Endevor	EA150		"[{""PMFKEY"":""ricar01""}]"			ricar01
EABASE		Active	CSCRE/Endevor	EABASE		"[{""PMFKEY"":""ricar01""}]"			ricar01
EAR120		Active	CSCRE/Endevor	EAR120		"[{""PMFKEY"":""ricar01""}]"			ricar01
EAR140		Active	CSCRE/Endevor	EAR140		"[{""PMFKEY"":""ricar01""}]"			ricar01
EAR150		Active	CSCRE/Endevor	EAR150		"[{""PMFKEY"":""ricar01""}]"			ricar01
Earl z/OS & VSE	6.0; 6.1	Active	CMS;Librarian	null	MFBUMISC.IM1DEV.EARL+	"[{""PMFKEY"":""cafjo01""},{""PMFKEY"":""stoda04""}]"		stoda04	cafjo01
EasyProclib	2.2	End of Life	PDS	null	MFBUMISC.APCMTL.EZP22.ASM;MFBUMISC.APCMTL.EZP22.ASMO;MFBUMISC.APCMTL.EZP22.SMP.CNTL;MFBUMISC.APCMTL.EZP22.T28B217.ASM	"[{""PMFKEY"":""cafjo01""},{""PMFKEY"":""stoda04""}]"		stoda04	cafjo01
Easytrieve 11.x	11.0;11.1;11.5;11.6	Active	CSCRE/Endevor	EZTRV	N/A	"[{""PMFKEY"":""chate03""},{""PMFKEY"":""harde10""}]"		dubmi01	"[{""PMFKEY"":""chate03""},{""PMFKEY"":""harde10""}]"
Easytrieve Express (MR2K)	r2	End of Life	CSCRE/Endevor	EZTRV	N/A	"[{""PMFKEY"":""chate03""},{""PMFKEY"":""harde10""}]"		dubmi01	"[{""PMFKEY"":""chate03""},{""PMFKEY"":""harde10""}]"
Easytrieve SDS		Active	CSCR/Harvest	null	CSCR1203	"[{""PMFKEY"":""dubmi01""},{""PMFKEY"":""abbwi01""}]"		dubmi01	abbwi01
Easytrieve˜Legacy Products	1.2; 1.3; 3.1; 3.2	Active	Panvalet;CSM	null	RETSYS.EZOL13.PANLIB;RETSYS.EZKEY32.PANLIB;Disks;500;501;502	"[{""PMFKEY"":""dubmi01""},{""PMFKEY"":""abbwi01""}]"		dubmi01	abbwi01
EBC	r11.5;12.0;12.1;12.2;11.6;11.7	Active	Endevor	EBC	N/A	"[{""PMFKEY"":""niead01""},{""PMFKEY"":""obega01""},{""PMFKEY"":""strmi03""}]"		kokja01	niead01;obega01;strmi03
ecoMeter	4.1.0;4.2.0;4.3.0;4.4.;4.5.;4.6.;4.7.;5.*	Inactive	CSCR/Harvest	null	CSCR620	"[{""PMFKEY"":""taoyu04""}]"		merja01	taoyu04
eHealth Application Insight Module		Active	CSCR/Harvest	null	CSCR919	"[{""PMFKEY"":""taoyu04""}]"		merja01	taoyu04
eHealth Catalyst Connector	2.5;3.0;3.2;trunk	Active	CSCR/Harvest	null	CSCR709/ehealth	"[{""PMFKEY"":""taoyu04""}]"		merja01	taoyu04
EITM IAM as an Automated Service	1.0;1.0.1;1.0.2;trunk	Active	CSCR/Harvest	null	CSCR709/eitm	"[{""PMFKEY"":""lavch01""}]"		lavch01	lavch01
EITM IAM as an Automated Service		Active	CSCR/Harvest	null	CSCR1001/EITM	"[{""PMFKEY"":""lavch01""}]"		lavch01	lavch01
ENBDM		Active	CSCRE/Endevor	ENBDM		"[{""PMFKEY"":""tucjo02""}]"			tucjo02
Encore	r5.5; r11.3	Active	CSCRE/Endevor	null	APC.CSCRE.PENC.*	"[{""PMFKEY"":""minni01""}]"			minni01
Encryption Key manager	14.5;14.0;12.6	Active	CSCRE/Endevor	CATE	Islandia Data Center	"[{""PMFKEY"":""casjo02""},{""PMFKEY"":""carju01""}]"			casjo02
Endevor Interface For DB2	r12;r14;r14.5;r15;16.0;17.0;999;18.0;19.0	Active	SCLM;Endevor	DBT	Source resides on DEV DASD packs.;The GA releases of the datasets are stored on DEVR volumes which are tier-1 backed up DASD volumes.   For the pre-beta and BETA releases;the datasets are allocated on DEV volumes which are not part of DR.    When the products are moved into GA;the datasets are moved to the DEVR volumes.	"[{""PMFKEY"":""tucjo02""}]"			tucjo02
Endevor Software Change Manager		Active	CSCRE/Endevor	"ESCM,EINE"	MOTM volumes on mainframe tier one DASD	"[{""PMFKEY"":""ricar01""}]"		ricar01	ricar01
Endevor Software Change Manager		Active	CSCR/Harvest		"CSCR709/endevor;CSCR606_R12.5/CA Endevor,endevor"	"[{""PMFKEY"":""ricar01""},{""PMFKEY"":""svami01""},{""PMFKEY"":""melmi08""}]"		ricar01	svami01;melmi08
ENDPANV		Active	CSCRE/Endevor	ENDPANV		"[{""PMFKEY"":""ricar01""}]"		ricar01	ricar01
ENFDN		Active	CSCRE/Endevor	ENFDN		"[{""PMFKEY"":""tucjo02""}]"			tucjo02
Enterprise Tester	3.1	Stabilized	PDS	null	AD1DEV.PTE32.*	"[{""PMFKEY"":""dubmi01""}]"		dubmi01	dubmi01
EPIC/VSE	Release 5.2; 5.1; 4.1	Active	CMS	null	SFS;Directories:;EPC;EPV	"[{""PMFKEY"":""stoda04""},{""PMFKEY"":""cafjo01""}]"		stoda04	cafjo01
ESCJ		Active	CSCRE/Endevor	ESCJ		"[{""PMFKEY"":""ricar01""}]"			ricar01
ESD		Active	CSCRE/Endevor	ESD		"[{""PMFKEY"":""gooma04""}]"			gooma04
ESP		Active	CSCRE/Endevor	ESP		"[{""PMFKEY"":""casjo02""},{""PMFKEY"":""carju01""}]"			casjo02
ESP	r11.3	Active	CSCRE/Endevor	null	APC.CSCRE.PESP.*;APC.CSCRE.PCPE.*	"[{""PMFKEY"":""macco01""},{""PMFKEY"":""davfe01""}]"			macco01;davfe01
ESP Distributed Components	r5.5; r11.3	Active	CVS	null	APC.CSCRE.**;APC.CSCRE.PESP.*	"[{""PMFKEY"":""macco01""},{""PMFKEY"":""davfe01""}]"			davfe01;macco01
ESTG		Active	CSCRE/Endevor	ESTG		"[{""PMFKEY"":""newja04""},{""PMFKEY"":""yafna01""}]"			newja04;yafna01
eTrust Policy Compliance		Active	CSCR/Harvest	null	CSCR403	"[{""PMFKEY"":""kumhe02""}]"			kumhe02
Eureka:Strategy	6.2; 6.3	End of Life	CSCR/Harvest	null	CSCR112	"[{""PMFKEY"":""puiro01""},{""PMFKEY"":""shaha07""}]"		puiro01	shaha07
Execution Manager for DB2	r12;r14;r14.5;r15;16.0;17.0;999;18.0;19.0	Active	SCLM;Endevor	DBT	Source resides on DEV DASD packs.;The GA releases of the datasets are stored on DEVR volumes which are tier-1 backed up DASD volumes.   For the pre-beta and BETA releases;the datasets are allocated on DEV volumes which are not part of DR.    When the products are moved into GA;the datasets are moved to the DEVR volumes.	"[{""PMFKEY"":""tucjo02""}]"			tucjo02
EXPLORE REPORT Writer	Release 7.1; 7.0; 6.8	Active	CMS	null	SFS;Directories:;COLSFS.EXPRPT	"[{""PMFKEY"":""stoda04""},{""PMFKEY"":""cafjo01""}]"		stoda04	cafjo01
Explore VM	V5.0;r4.3	Active	CPM	null	Type:;SFS	"[{""PMFKEY"":""jambr01""}]"		jambr01	
EXPLORE VTAM	Release 6.5	Active	CMS	null	SFS;Directories:;COLSFS.EXPVTAM	"[{""PMFKEY"":""stoda04""},{""PMFKEY"":""cafjo01""}]"		stoda04	cafjo01
EXPLORE/CICS	r7; r6.8; r6.6; r6.5; r6.3	Active	CMS	null	SFS;Directories:;COLSFS.EXPCICS	"[{""PMFKEY"":""stoda04""},{""PMFKEY"":""cafjo01""}]"		stoda04	cafjo01
EXPLORE/VSE	r7.1; r7.0; r6.8; r6.6; r6.5; r6.3; r5.9	Active	CMS	null	SFS;Directories:;COLSFS.EXPVSE	"[{""PMFKEY"":""stoda04""},{""PMFKEY"":""cafjo01""}]"		stoda04	cafjo01
Extend Dasd	4.3;4.2	Active	CSCRE/Endevor	null	ASMDSK.CSCRE.EXTD.R432.*;ASM.ISMDV.R*.EXTD.*;ASM.ISML2.**.EXTD	"[{""PMFKEY"":""casjo02""},{""PMFKEY"":""hurro01""}]"			casjo02
EXTEND DASD/VSE	r3.3; r2.9	Active	CMS	null	SFS;Directories:;COLSFS.EXTD	"[{""PMFKEY"":""stoda04""},{""PMFKEY"":""cafjo01""}]"		stoda04	cafjo01
Extended Terminal Manager for IMS	r14;r15;r16;r18;19.0	Active	SCLM;Endevor	IMS	Source resides on DEV DASD packs.    	"[{""PMFKEY"":""strji02""}]"			strji02
FAQS/ASO	r5.1; r5.0; r4.6; r4.0; r3.7	Active	CMS	null	SFS;Directories:;COLSFS.FAQS;VSEDEV.FAQS;VSEDEV.FAQSVM	"[{""PMFKEY"":""stoda04""},{""PMFKEY"":""cafjo01""}]"		stoda04	cafjo01
FAQS/PCS	r5.1; r5.0; r4.7; r4.6; r4.0; r3.7	Active	CMS	null	SFS;Directories:;COLSFS.FAQS;VSEDEV.FAQS;VSEDEV.FAQSVM	"[{""PMFKEY"":""stoda04""},{""PMFKEY"":""cafjo01""}]"		stoda04	cafjo01
Fast Check	r12;r14;r14.5;r15;16.0;17.0;999;18.0;19.0	Active	SCLM;Endevor	DBT	Source resides on DEV DASD packs.;The GA releases of the datasets are stored on DEVR volumes which are tier-1 backed up DASD volumes.   For the pre-beta and BETA releases;the datasets are allocated on DEV volumes which are not part of DR.    When the products are moved into GA;the datasets are moved to the DEVR volumes.	"[{""PMFKEY"":""tucjo02""}]"			tucjo02
Fast Index	r12;r14;r14.5;r15;16.0;17.0;999;18.0;19.0	Active	SCLM;Endevor	DBT	Source resides on DEV DASD packs.;The GA releases of the datasets are stored on DEVR volumes which are tier-1 backed up DASD volumes.   For the pre-beta and BETA releases;the datasets are allocated on DEV volumes which are not part of DR.    When the products are moved into GA;the datasets are moved to the DEVR volumes.	"[{""PMFKEY"":""tucjo02""}]"			tucjo02
Fast Load	r12;r14;r14.5;r15;16.0;17.0;999;18.0	Active	SCLM;Endevor	DBT	Source resides on DEV DASD packs.;The GA releases of the datasets are stored on DEVR volumes which are tier-1 backed up DASD volumes.   For the pre-beta and BETA releases;the datasets are allocated on DEV volumes which are not part of DR.    When the products are moved into GA;the datasets are moved to the DEVR volumes.	"[{""PMFKEY"":""tucjo02""}]"			tucjo02
Fast Recover	r12;r14;r14.5;r15;16.0;17.0;999;18.0;19.0	Active	SCLM;Endevor	DBT	Source resides on DEV DASD packs.;The GA releases of the datasets are stored on DEVR volumes which are tier-1 backed up DASD volumes.   For the pre-beta and BETA releases;the datasets are allocated on DEV volumes which are not part of DR.    When the products are moved into GA;the datasets are moved to the DEVR volumes.	"[{""PMFKEY"":""tucjo02""}]"			tucjo02
Fast Unload	r12;r14;r14.5;r15;16.0;17.0;999;18.0;19.0	Active	SCLM;Endevor	DBT	Source resides on DEV DASD packs.;The GA releases of the datasets are stored on DEVR volumes which are tier-1 backed up DASD volumes.   For the pre-beta and BETA releases;the datasets are allocated on DEV volumes which are not part of DR.    When the products are moved into GA;the datasets are moved to the DEVR volumes.	"[{""PMFKEY"":""tucjo02""}]"			tucjo02
Faver	4.5;4.3.x	Active	CSCRE/Endevor	"FAVR,FAVER."	Islandia Data Center	"[{""PMFKEY"":""kucka01""}]"			kucka01
"FAVER2, FAVER for VSE"	r3.4; r3.6; r3.5; r3.3	Active	CMS	null	CMS;Disks:;FAVERV;FAVER2;SFS;Directories:;COLSFS.FAVER;ISMQA.VSE.FAV2	"[{""PMFKEY"":""stoda04""},{""PMFKEY"":""cafjo01""}]"		stoda04	cafjo01
FE4		Active	CSCRE/Endevor	FE4		"[{""PMFKEY"":""newja04""},{""PMFKEY"":""yafna01""}]"			newja04;yafna01
File Master Plus for DB2 for z/OS	9.0;9.1;Base	Active	Endevor	FMDB2	Mainframe	"[{""PMFKEY"":""dubmi01""},{""PMFKEY"":""davsc01""}]"		dubmi01	davsc01;dubmi01
File Master Plus for IMS	8.5;9.0;9.1;Base	Active	CSCRE/Endevor	FMIMS	Mainframe	"[{""PMFKEY"":""dubmi01""},{""PMFKEY"":""davsc01""}]"		dubmi01	davsc01;dubmi01
File Master Plus for IMS Eclipse UI	9.0;9.1	Active	CSCR/Harvest	null	CSCR801	"[{""PMFKEY"":""dubmi01""}]"		dubmi01	
File Master Plus for MVS	8.5;9.0;9.1;Base	Active	CSCRE/Endevor	FMMVS	Mainframe	"[{""PMFKEY"":""dubmi01""},{""PMFKEY"":""davsc01""}]"		dubmi01	davsc01;dubmi01
File Master Plus for MVS	4.1	Active	Librarian	null	AD1DEV.FMMVS41.*	"[{""PMFKEY"":""dubmi01""}]"		dubmi01	dubmi01
File Master Plus for MVS Eclipse UI	9.0;9.1	Active	CSCR/Harvest	null	CSCR801	"[{""PMFKEY"":""dubmi01""}]"		dubmi01	
FINANCE		Active	CSCRE/Endevor	FINANCE		"[{""PMFKEY"":""ricar01""}]"			ricar01
FLEE	r4; r4.1; r3.7; r3.6; r3.1	Active	CMS	null	SFS;Directories:;COLSFS.FLEE;ISMQA.VSE.FLEE	"[{""PMFKEY"":""stoda04""},{""PMFKEY"":""cafjo01""}]"		stoda04	cafjo01
Forest & Trees	7.0; 7.1; 7.11	End of Life	CSCR/Harvest	null	CSCR106	"[{""PMFKEY"":""puiro01""},{""PMFKEY"":""shaha07""}]"		puiro01	shaha07
GCS Common Services	r12;r14;r14.5;r15;16.0;17.0;999;18.0;19.0	Internal	SCLM;Endevor	DBT	Source resides on DEV DASD packs.;The GA releases of the datasets are stored on DEVR volumes which are tier-1 backed up DASD volumes.   For the pre-beta and BETA releases;the datasets are allocated on DEV volumes which are not part of DR.    When the products are moved into GA;the datasets are moved to the DEVR volumes.	"[{""PMFKEY"":""tucjo02""}]"			tucjo02
Gen  - non-z/OS code	r8;8.5	Active	CSCR/Harvest	null	CSCR605	"[{""PMFKEY"":""louro01""},{""PMFKEY"":""bureu01""}]"		chera14	louro01;bureu01
GEN z/OS	r8;8.5	Active	CSCRE/Endevor	CAGEN	N/A	"[{""PMFKEY"":""thoro06""},{""PMFKEY"":""johle05""}]"		chera14	johle05;thoro06
General Services  for DB2	r12;r14;r14.5;r15;16.0;17.0;999;18.0;19.0	Internal	SCLM;Endevor	DBT	Source resides on DEV DASD packs.;The GA releases of the datasets are stored on DEVR volumes which are tier-1 backed up DASD volumes.   For the pre-beta and BETA releases;the datasets are allocated on DEV volumes which are not part of DR.    When the products are moved into GA;the datasets are moved to the DEVR volumes.	"[{""PMFKEY"":""tucjo02""}]"			tucjo02
General/CICS for DB2	r11.5	End of Life	SCLM	null	GENC.PRD+++S.;GENC.HLD+++S.;GENC.BLD+++S.;GENC.WRK+++S.	"[{""PMFKEY"":""tucjo02""}]"			tucjo02
GENEROL	7.1	Active	CMS;PDS	null	MFBUMISC.SALTLAK+;SALTLAK.*	"[{""PMFKEY"":""cafjo01""},{""PMFKEY"":""stoda04""}]"		stoda04	cafjo01
GIS		Active	CSCR/Harvest	null	CSCR1101/Business Analytics	"[{""PMFKEY"":""sinvi05""}]"			sinvi05
GIS		Active	CSCR/Harvest	null	CSCR1101/CASSL	"[{""PMFKEY"":""darsw01""}]"			darsw01
GIS		Active	CSCR/Harvest	null	CSCR1101/ContractLifecycleManagement	"[{""PMFKEY"":""govva01""}]"			govva01
GIS		Active	CSCR/Harvest	null	CSCR1101/Architecture	"[{""PMFKEY"":""cardo12""}]"			cardo12
GIS		End of Life	CSCR/Harvest	null	CSCR1101/Core_Cope	"[{""PMFKEY"":""ramna08""}]"			ramna08
GIS		Active	CSCR/Harvest	null	CSCR1101/CorporateReporting	"[{""PMFKEY"":""batra01""}]"			batra01
GIS		Active	CSCR/Harvest	null	CSCR1101/FinanceAdmin	"[{""PMFKEY"":""ambri01""}]"			ambri01
GIS		Active	CSCR/Harvest	null	CSCR1101/GIS - Cloud Migration	"[{""PMFKEY"":""krivi03""}]"			krivi03
GIS		Active	CSCR/Harvest	null	CSCR1101/GIS_CKM	"[{""PMFKEY"":""ambri01""}]"			ambri01
GIS		Active	CSCR/Harvest	null	"CSCR1101/OLP,Core_Olp_"	"[{""PMFKEY"":""krivi03""}]"			krivi03
GIS		End of Life	CSCR/Harvest	null	CSCR1101/Core_OlpAdmin	"[{""PMFKEY"":""ramna08""}]"			ramna08
GIS		Active	CSCR/Harvest	null	CSCR1101/Sales	"[{""PMFKEY"":""pench08""}]"			pench08
GIS		Active	CSCR/Harvest	null	CSCR1101/Services	"[{""PMFKEY"":""dwipr01""}]"			dwipr01
GIS		Active	CSCR/Harvest	null	CSCR1101/Services_Clarity	"[{""PMFKEY"":""altch01""},{""PMFKEY"":""rusan10""}]"			altch01;rusan10
GIS		Active	CSCR/Harvest	null	CSCR1101/CompPlanning	"[{""PMFKEY"":""bhama08""}]"			bhama08
GIS		Active	CSCR/Harvest	null	CSCR1101/Support	"[{""PMFKEY"":""vursh01""}]"			vursh01
GIS		Active	CSCR/Harvest	null	CSCR1101	"[{""PMFKEY"":""ambri01""}]"			ambri01
GIS DBA		Active	CSCR/Harvest	null	CSCR1103	"[{""PMFKEY"":""kotra06""}]"			kotra06
GPO-Translation Services		Active	CSCR/Harvest	null	CSCR009	"[{""PMFKEY"":""rajap01""},{""PMFKEY"":""iijku01""}]"		rajap01	iijku01
GSS		Active	CSCRE/Endevor	GSS		"[{""PMFKEY"":""casjo02""},{""PMFKEY"":""carju01""}]"			casjo02
GTS		Active	CSCRE/Endevor	GTS		"[{""PMFKEY"":""casjo02""},{""PMFKEY"":""carju01""}]"			casjo02
Hardware Interface Service	v1.0;r2.0	Active	PDS;Endevor	NETM	GIS Islandia data center	"[{""PMFKEY"":""joheu02""},{""PMFKEY"":""angth01""},{""PMFKEY"":""norst02""}]"	angth01	norst02	joheu02
Harvest SCM Catalyst Connector	1.0.0;trunk	Active	CSCR/Harvest	null	CSCR709/scm-catalyst	"[{""PMFKEY"":""puiro01""},{""PMFKEY"":""kolla01""}]"		puiro01	kolla01
Harvest Software Change Manager	r12.1;r12;r12.5;r12.5 SP1;r12.6	Active	CSCR/Harvest	null	CSCR606_R12.5	"[{""PMFKEY"":""puiro01""},{""PMFKEY"":""kolla01""}]"		puiro01	kolla01
HIDRO	r2.8; r2.7d; r2.7c; r2.7b; r2.7a; r2.7; r2.6; r2.5; r2.4; r2.3; r2.2	Active	CPM	null	Type:;SFS	"[{""PMFKEY"":""jambr01""}]"		jambr01	
High Availability Service		Active	CSCR/Harvest	null	CSCR911	"[{""PMFKEY"":""venvi03""}]"			venvi03
High Availability Service - Everest2		End of Life	CSCR/Harvest	null	CSCR911-A	"[{""PMFKEY"":""sulch02""}]"			sulch02
High Performance Recovery	r14;r15;r16;r18;19.0	Active	SCLM;Endevor	IMS	Source resides on DEV DASD packs.    	"[{""PMFKEY"":""strji02""}]"			strji02
Hyperbuf	11;4.3.2;11.5	Active	CSCRE/Endevor	HBUF	Islandia Data Center	"[{""PMFKEY"":""kucka01""}]"			kucka01
HYPERBUF/VSE	r3.3; r2.9	Active	CMS	null	CMS;Disks:;DYNBUF;SFS;Directories:;COLSFS.HBUF	"[{""PMFKEY"":""stoda04""},{""PMFKEY"":""cafjo01""}]"		stoda04	cafjo01
I18n Toolkit		End of Life	CSCR/Harvest	null	CSCR626	"[{""PMFKEY"":""ganra08""}]"			ganra08
IAS		Active	CSCRE/Endevor	IAS		"[{""PMFKEY"":""casjo02""},{""PMFKEY"":""carju01""}]"			casjo02
Ideal/IPC	2.2; 11.0; 14.0	Active	CSCRE/Endevor	"IDEAL,DATCM"	N/A	"[{""PMFKEY"":""lynjo02""}]"		lynjo02	colde05
IDIPC		Active	CSCRE/Endevor	IDIPC		"[{""PMFKEY"":""lynjo02""}]"		lynjo02	colde05
IDMS	18.0;18.5;19.0	Active	CSCRE/Endevor	IDMS		"[{""PMFKEY"":""brebr01""},{""PMFKEY"":""dowda01""},{""PMFKEY"":""pomda01""}]"		rosda01	brebr01;dowda01;pomda01
IDMS - Server	R16.1;R17	Active	CSCR/Harvest	IDMS	CSCR802	"[{""PMFKEY"":""rosda01""},{""PMFKEY"":""dilda02""}]"		rosda01	dilda02
IDMS - VDBA	R16;R17;R18	Active	CSCR/Harvest	null	CSCR802	"[{""PMFKEY"":""rosda01""},{""PMFKEY"":""dilda02""}]"		rosda01	dilda02
IDMS Quick Bridge 14.1 Support	R14.1	Active	CSCR/Harvest	null	CSCR802	"[{""PMFKEY"":""rosda01""},{""PMFKEY"":""dilda02""}]"		rosda01	dilda02
IM On Demand for Verizon		Active	CSCR/Harvest	null	CSCR1304	"[{""PMFKEY"":""jorti01""},{""PMFKEY"":""waral04""}]"			jorti01;waral04
Index Expert for DB2	r12; r14; r14.5; r15; 16.0;17.0; 999	End of Life	SCLM	null	POA.PRD+++S.;POA.HLD+++S.;POA.BLD+++S.;POA.INP+++S.;POA.WRK+++S.;POA.WK++++S.	"[{""PMFKEY"":""tucjo02""}]"			tucjo02
InfoRefiner	r12; r14; r14.5; r15; 16.0;17.0; 999	End of Life	SCLM	null	PIR.PRD+++S.;PIR.HLD+++S.;PIR.BLD+++S.;PIR.INP+++S.;PIR.WRK+++S.;PIR.WK++++S.	"[{""PMFKEY"":""tucjo02""}]"			tucjo02
InfoTransport	r12; r14; r14.5; r15; 16.0;17.0; 999	End of Life	SCLM	null	XDT.PRD+++S.;XDT.HLD+++S.;XDT.BLD+++S.;XDT.INP+++S.;XDT.WRK+++S.;XDT.WK++++S.	"[{""PMFKEY"":""tucjo02""}]"			tucjo02
Insight Performance Monitor	r12;r14;r14.5;r15;16.0;17.0;999;18.0;19.0	Active	SCLM;Endevor	DBT	Source resides on DEV DASD packs.;The GA releases of the datasets are stored on DEVR volumes which are tier-1 backed up DASD volumes.   For the pre-beta and BETA releases;the datasets are allocated on DEV volumes which are not part of DR.    When the products are moved into GA;the datasets are moved to the DEVR volumes.	"[{""PMFKEY"":""tucjo02""}]"			tucjo02
Interactive SQL	r12;r14;r14.5;r15;16.0;17.0;999;18.0;19.0	Active	SCLM;Endevor	"SQL,DBT"	Source resides on DEV DASD packs.;The GA releases of the datasets are stored on DEVR volumes which are tier-1 backed up DASD volumes.   For the pre-beta and BETA releases;the datasets are allocated on DEV volumes which are not part of DR.    When the products are moved into GA;the datasets are moved to the DEVR volumes.	"[{""PMFKEY"":""tucjo02""}]"			tucjo02
Interoperability & Stress Lab		Active	CSCR/Harvest	null	CSCR609	"[{""PMFKEY"":""mcawi01""}]"			mcawi01
InterTest Batch	8;8.5;9.1;Base	Active	CSCRE/Endevor	INTBT	Mainframe	"[{""PMFKEY"":""dubmi01""},{""PMFKEY"":""davsc01""}]"		dubmi01	davsc01;dubmi01
InterTest Batch	3.1	Active	Librarian	null	CDE.DEVL.IB31*	"[{""PMFKEY"":""dubmi01""}]"		dubmi01	dubmi01
InterTest Common GUI	8.5;9.1	Active	CSCR/Harvest	null	CSCR801	"[{""PMFKEY"":""dubmi01""}]"		dubmi01	
InterTest for CICS	8.5;9.1;Base	Active	CSCRE/Endevor	"INTCI,INTERT"	Mainframe	"[{""PMFKEY"":""dubmi01""},{""PMFKEY"":""davsc01""}]"		dubmi01	davsc01;dubmi01
InterTest for CICS VSE	4.4;6.0	Active	Librarian	null	AD1DEV.INTERT44.*;AD1DEV.INTERT60.*	"[{""PMFKEY"":""dubmi01""}]"		dubmi01	dubmi01
IPC		Active	CSCRE/Endevor	IPC		"[{""PMFKEY"":""lynjo02""}]"		lynjo02	colde05
iTechnology IGateway		Active	CSCR/Harvest	null	CSCR707	"[{""PMFKEY"":""kumra10""}]"			kumra10
JARS		Active	CSCRE/Endevor	JARS		"[{""PMFKEY"":""cafjo01""},{""PMFKEY"":""stoda04""}]"		stoda04	cafjo01
JARS Resource Management for CICS	6.2	Stabilized	CSCRE	null	QCAT.CSCRE.JARSCICS.R62*	"[{""PMFKEY"":""stoda04""},{""PMFKEY"":""cafjo01""}]"		stoda04	cafjo01
JARS/VSE and JARS/CICS for VSE	r7; r6.2	Active	CMS	null	SFS;Directories:;VSEDEV.JARSCVSE;VSEDEV.JARSVSE	"[{""PMFKEY"":""stoda04""},{""PMFKEY"":""cafjo01""}]"		stoda04	cafjo01
JCLCheck	r7.1; r11	Active	CSCRE/Endevor	JCK	N/A	"[{""PMFKEY"":""macco01""},{""PMFKEY"":""davfe01""}]"			macco01;davfe01
JMO	11.x	Active	CSCR/Harvest	null	CSCR907;CSCR912	"[{""PMFKEY"":""srigi02"",""APPROVEStamp"":""none""}]"			srigi02
JMR		Active	CSCRE/Endevor	JMR		"[{""PMFKEY"":""baljo03""},{""PMFKEY"":""madca02""}]"		jambr01	baljo03;madca02
JMR	4.6	Active	PDS	null	MFBUMISC.APCMTL.PK46.+;MFBUMISC.OMMTL.SRC.PK46.+;OMMTL.CSCRE.JMR.PK46	"[{""PMFKEY"":""cafjo01""},{""PMFKEY"":""stoda04""}]"		stoda04	cafjo01
Jobtrac	r11	Active	CSCRE/Endevor	JTR	N/A	"[{""PMFKEY"":""macco01""},{""PMFKEY"":""davfe01""}]"			macco01;davfe01
Librarian	4.3; 4.4	Stabilized	Librarian;Endevor;PanAPT	LIBR	usildamd.ca.com	"[{""PMFKEY"":""ricar01""}]"		ricar01	ricar01
Licensing		Active	CSCR/Harvest	null	CSCR004	"[{""PMFKEY"":""parkr02""}]"			parkr02
Localization		Active	CSCR/Harvest	null	CSCR005	"[{""PMFKEY"":""rajap01""},{""PMFKEY"":""sunto01""}]"		rajap01	sunto01
Log Analyzer	r12;r14;r14.5;r15;16.0;17.0;999;18.0;19.0	Active	SCLM;Endevor	DBT	Source resides on DEV DASD packs.;The GA releases of the datasets are stored on DEVR volumes which are tier-1 backed up DASD volumes.   For the pre-beta and BETA releases;the datasets are allocated on DEV volumes which are not part of DR.    When the products are moved into GA;the datasets are moved to the DEVR volumes.	"[{""PMFKEY"":""tucjo02""}]"			tucjo02
Log Reader	r12;r14;r14.5;r15;16.0;17.0;999;18.0;19.0	Active	SCLM;Endevor	DBT	Source resides on DEV DASD packs.;The GA releases of the datasets are stored on DEVR volumes which are tier-1 backed up DASD volumes.   For the pre-beta and BETA releases;the datasets are allocated on DEV volumes which are not part of DR.    When the products are moved into GA;the datasets are moved to the DEVR volumes.	"[{""PMFKEY"":""tucjo02""}]"			tucjo02
LogCompress	r12; r14; r14.5; r15; 16.0;17.0; 999	End of Life	SCLM	null	PLC.PRD+++S.;PLC.HLD+++S.;PLC.INP+++S.;PLC.WRK+++S.;PLC.WK++++S.	"[{""PMFKEY"":""tucjo02""}]"			tucjo02
LPD (Standalone Product)	r11.0;r11.5;r11.x;r12.0	Active	CSCRE/Endevor;PDS	LPD	N/A	"[{""PMFKEY"":""niead01""},{""PMFKEY"":""obega01""},{""PMFKEY"":""strmi03""}]"		kokja01	niead01;obega01;strmi03
LPR	r11.5; r12	Active	CSCR/Harvest	null	cscr809	"[{""PMFKEY"":""jambr01""}]"		jambr01	
LSERV	r3.5; r14.0	Active	PDS;Endevor	LSERV	GIS Islandia data center	"[{""PMFKEY"":""jenth05""}]"		jenth05	slejo01
M2SCM		Active	CSCRE/Endevor	M2SCM		"[{""PMFKEY"":""ricar01""}]"			ricar01
MAA		Active	CSCRE/Endevor	MAA		"[{""PMFKEY"":""chate03""},{""PMFKEY"":""harde10""}]"		tunem01	chate03;harde10
Mainframe Application Tuner	8.5;9.0;10.0;11.0;Base	Active	CSCRE/Endevor	"TTUNE,APCTT,ATDAM"	Mainframe	"[{""PMFKEY"":""dubmi01""},{""PMFKEY"":""davsc01""}]"		dubmi01	davsc01;dubmi01
Mainframe Application Tuner Eclipse UI	9.0;10.0;11.0	Active	CSCR/Harvest	null	CSCR801	"[{""PMFKEY"":""dubmi01""}]"		dubmi01	
Mainframe Connector for Linux on System z	v1.0;r2.0	Active	PDS;Endevor	NETM	GIS Islandia data center	"[{""PMFKEY"":""joheu02""},{""PMFKEY"":""angth01""},{""PMFKEY"":""norst02""}]"	angth01	norst02	joheu02
Mainframe Software Manager (MSM)	5.1;6.0;6.1;7.0	Active	Endevor(MFSO);RTC;GitHub	MSM	CSCRRTC003;TSO-Endevor-MFSO;github-isl-01.ca.com/MSM/MSME.git	"[{""PMFKEY"":""newja04""},{""PMFKEY"":""yafna01""}]"		gulga01	newja04;yafna01
Mastercat	4.3	Active	CSCR/Harvest	null	ASMDSK.CSCRE.MCAT.*;ASM.ISML2.R432.MCAT.*;ASM.ISMDV.R430.MCAT.*	"[{""PMFKEY"":""casjo02""},{""PMFKEY"":""hurro01""}]"			casjo02
MASTERCAT/VSE	r3.4; r3.3; r2.9	Active	CMS	null	CMS;Disks:;MCATVSE;SFS;Directories:;COLSFS.MCAT;VSEDEV.MCATVSE;ISMQA.SHARED	"[{""PMFKEY"":""stoda04""},{""PMFKEY"":""cafjo01""}]"		stoda04	cafjo01
MATUN		Active	CSCRE/Endevor	MATUN		"[{""PMFKEY"":""dubmi01""},{""PMFKEY"":""davsc01""}]"		minni01	davsc01;dubmi01
"Max/Util (MVS, DB2, IMS) Max/Rexx"	3.4	Stabilized	PDS	null	MAX.SOURCE.MXRXV*	"[{""PMFKEY"":""dubmi01""}]"		dubmi01	dubmi01
Merge/Modify	r12;r14;r14.5;r15;16.0;17.0;999;18.0;19.0	Active	SCLM;Endevor	DBT	Source resides on DEV DASD packs.;The GA releases of the datasets are stored on DEVR volumes which are tier-1 backed up DASD volumes.   For the pre-beta and BETA releases;the datasets are allocated on DEV volumes which are not part of DR.    When the products are moved into GA;the datasets are moved to the DEVR volumes.	"[{""PMFKEY"":""tucjo02""}]"			tucjo02
MetaCOBOL	1.1	Stabilized	PDS	null	MCT.V1R1.DIST.*	"[{""PMFKEY"":""dubmi01""}]"		dubmi01	dubmi01
METAL		Active	CSCRE/Endevor	METAL		"[{""PMFKEY"":""kazri01""},{""PMFKEY"":""benro02""},{""PMFKEY"":""feese01""},{""PMFKEY"":""natco02""}]"			benro02;feese01;kazri01;natco02
MF20.		Active	CSCRE/Endevor	MF20.		"[{""PMFKEY"":""berbe02""},{""PMFKEY"":""fisja01""}]"			berbe02;fisja01
MFNE-DIST TND_DEV		Active	CSCR/Harvest	null	CSCR1305	"[{""PMFKEY"":""puiro01""},{""PMFKEY"":""cafjo01""}]"		puiro01	cafjo01
MFPROD.		Active	CSCRE/Endevor	MFPROD.		"[{""PMFKEY"":""baljo03""},{""PMFKEY"":""madca02""}]"		jambr01	baljo03;madca02
MFSO Cloud Storage for System z		Active	CSCR/Harvest	null	CSCR504/CA Cloud Storage for System z	"[{""PMFKEY"":""meaka03""},{""PMFKEY"":""carju01""}]"			meaka03;carju01
MFSO QA		End of Life	CSCR/Harvest	null	CSCR1306	"[{""PMFKEY"":""abavi01""}]"			abavi01
MICS	1;12.0;12.5 - 12.9	Active	PDS	null	CDLIB.M06*;QCAT.*;MDI.*;QCAP.*	"[{""PMFKEY"":""prezi01""},{""PMFKEY"":""bedva01""}]"		prezi01	bedva01
MICS Q&R	12.5-12.9	Active	CSCR/Harvest	null	CSCR810	"[{""PMFKEY"":""angth01""},{""PMFKEY"":""wasch01""}]"		angth01	wasch01
MIGRATE-COBOL	2	Active	CSCRE/Endevor	null	ASM.CMO*;ASM.CTF*	"[{""PMFKEY"":""casjo02""},{""PMFKEY"":""hurro01""}]"			casjo02
MIM	r4.1;r4.2 r4.6;r11.5;r11.6;r11.7;r11.8;r11.9;r12.0;r12.1	Active	PDS;Endevor	MIM	GIS Islandia data center	"[{""PMFKEY"":""shuke01""}]"		shuke01	slejo01
MLINK	r6.5	Stabilized	CSCR/Harvest	null	CSCR806/MLINK	"[{""PMFKEY"":""cafjo01""},{""PMFKEY"":""stoda04""}]"		stoda04	cafjo01
MSM		Active	CSCR/Harvest	null	CSCR1201	"[{""PMFKEY"":""falmi03""}]"			falmi03
MSPS		Active	CSCRE/Endevor	MSPS		"[{""PMFKEY"":""berbe02""},{""PMFKEY"":""fisja01""}]"			berbe02;fisja01
Netman	4.9	Stabilized	PDS	null	DCAUNI.*;NET9505.*	"[{""PMFKEY"":""dubmi01""}]"		dubmi01	dubmi01
NetMaster File Transfer Management	r11.6; r11.7	Active	PDS;Endevor	NETM	GIS Islandia data center	"[{""PMFKEY"":""angth01""},{""PMFKEY"":""norst02""},{""PMFKEY"":""joheu02""}]"	angth01	norst02	joheu02
NetMaster Network Automation	r12.1	Active	PDS;Endevor	NETM	GIS Islandia data center	"[{""PMFKEY"":""angth01""},{""PMFKEY"":""norst02""},{""PMFKEY"":""joheu02""}]"	angth01	norst02	joheu02
NetMaster Network Management for SNA	r12.1	Active	PDS;Endevor	NETM	GIS Islandia data center	"[{""PMFKEY"":""angth01""},{""PMFKEY"":""norst02""},{""PMFKEY"":""joheu02""}]"	angth01	norst02	joheu02
NetMaster Network Management for TCP/IP	r12.1	Active	PDS;Endevor	NETM	GIS Islandia data center	"[{""PMFKEY"":""angth01""},{""PMFKEY"":""norst02""},{""PMFKEY"":""joheu02""}]"	angth01	norst02	joheu02
NetMaster Network Management Suite	r2.2;r11.0;r11.5;r11.6;r11.7;r12.0;r12.1	Active	PDS;Endevor	NETM	GIS Islandia data center	"[{""PMFKEY"":""angth01""},{""PMFKEY"":""norst02""},{""PMFKEY"":""joheu02""}]"	angth01	norst02	joheu02
NetMaster Socket Management for CICS	v1.1	Stabilized	PDS;Endevor	NETM	GIS Islandia data center	"[{""PMFKEY"":""angth01""},{""PMFKEY"":""norst02""},{""PMFKEY"":""joheu02""}]"	angth01	norst02	joheu02
NetSpy Network Performance	r12.0	Active	PDS;Endevor	NETM	GIS Islandia data center	"[{""PMFKEY"":""joheu02""},{""PMFKEY"":""angth01""},{""PMFKEY"":""norst02""}]"	angth01	norst02	joheu02
NIA		Active	CSCRE/Endevor	NIA		"[{""PMFKEY"":""joheu02""},{""PMFKEY"":""hoojo03""},{""PMFKEY"":""scara02""},{""PMFKEY"":""tholo01""}]"	angth01	norst02	hoojo03;joheu02;scara02;tholo01
NSM Database Option	r12; r14; r14.5; r15; 16.0;17.0; 999	End of Life	SCLM	null	DAGT.PRD+++S.;DAGT.HLD+++S.;DAGT.BLD+++S.;DAGT.INP+++S.;DAGT.WRK+++S.;DAGT.WK++++S.	"[{""PMFKEY"":""tucjo02""}]"			tucjo02
"NSM, UCM"		Active	CSCR/Harvest	null	CSCR914	"[{""PMFKEY"":""srigi02""}]"			srigi02
Oblicore		End of Life	CSCR/Harvest	null	CSCR1301/Oblicore	"[{""PMFKEY"":""kerro06""}]"			kerro06
OCTO Grid Composer		End of Life	CSCR/Harvest	null	CSCR701	"[{""PMFKEY"":""abrho01""}]"			abrho01
OM RTC 2.0 (common component)	r2.0	Active	CSCR/Harvest	null	cscr809/OM RTC 2.0	"[{""PMFKEY"":""jambr01""},{""PMFKEY"":""raubr02""}]"		jambr01	raubr02
OM Shared DRASClient 2.2 (common component)	r2.2;r1.0;r2.0;r2.1	Active	CSCR/Harvest	null	cscr809/OM Shared DRASClient	"[{""PMFKEY"":""jambr01""},{""PMFKEY"":""raubr02""}]"		jambr01	raubr02
OM Shared OmDev 1.0 (common components)	r1.0	Active	CSCR/Harvest	null	cscr809/OM Shared OmDev	"[{""PMFKEY"":""jambr01""},{""PMFKEY"":""raubr02""}]"		jambr01	raubr02
OM Shared OMlog 2.1 (common component)	r2.1	Active	CSCR/Harvest	null	cscr809/OM Shared Omlog	"[{""PMFKEY"":""jambr01""},{""PMFKEY"":""raubr02""}]"		jambr01	raubr02
OM Shared RegReport 4.0 (common component)	r4.0	Active	CSCR/Harvest	null	cscr809/OM Shared RegReport	"[{""PMFKEY"":""jambr01""},{""PMFKEY"":""raubr02""}]"		jambr01	raubr02
OM Tools CheckOM 1.1 (common component/support tool)	r1.1	Active	CSCR/Harvest	null	cscr809/OM Tools CheckOM	"[{""PMFKEY"":""jambr01""},{""PMFKEY"":""raubr02""}]"		jambr01	raubr02
OM Tools OMUtility 1.1 (common component)	r1.1;r1.0	Active	CSCR/Harvest	null	cscr809/OM Tools OMUtility	"[{""PMFKEY"":""jambr01""},{""PMFKEY"":""raubr02""}]"		jambr01	raubr02
OM Tools W3WhoPlus 1.0 (common component/support tool)	r1.0	Active	CSCR/Harvest	null	cscr809/OM Tools W3WhoPlus	"[{""PMFKEY"":""jambr01""},{""PMFKEY"":""raubr02""}]"		jambr01	raubr02
OM Web Services 1.0	r2	Active	CSCR/Harvest	null	CSCR809/OM Web Services	"[{""PMFKEY"":""jambr01""},{""PMFKEY"":""raubr02""}]"		jambr01	raubr02
OM Web Viewer	11.0;11.5.1;2.0;11.0;11.5;2.0;11.5.1;12;12.1;Import	Active	CSCR/Harvest	null	cscr809/OM Web Viewer	"[{""PMFKEY"":""jambr01""},{""PMFKEY"":""raubr02""}]"		jambr01	raubr02
OM XeroxApps 1.0 (application plus shared/common components)	r1.0	Active	CSCR/Harvest	null	cscr809/OM XeroxApps	"[{""PMFKEY"":""jambr01""},{""PMFKEY"":""raubr02""}]"		jambr01	raubr02
OMWS		Active	CSCRE/Endevor	OMWS		"[{""PMFKEY"":""niead01""},{""PMFKEY"":""obega01""},{""PMFKEY"":""strmi03""}]"		kokja01	niead01;obega01;strmi03
On Demand Portal		Active	CSCR/Harvest	null	CSCR1002	"[{""PMFKEY"":""papgo01""},{""PMFKEY"":""aruma01""}]"		aruma01	papgo01
"ONEOPS,OPSMON,OPSWEB"	r12.1;r12.2	Internal	CSCR/Harvest	NETM	GIS Islandia data center	"[{""PMFKEY"":""joheu02""},{""PMFKEY"":""angth01""},{""PMFKEY"":""norst02""}]"	angth01	norst02	joheu02
Online Reorg	r12;r14;r14.5;r15;16.0;17.0;999;18.0;19.0	Active	SCLM;Endevor	DBT	The GA releases of the datasets are stored on DEVR volumes which are tier-1 backed up DASD volumes.   For the pre-beta and BETA releases;the datasets are allocated on DEV volumes which are not part of DR.    When the products are moved into GA;the datasets are moved to the DEVR volumes.	"[{""PMFKEY"":""tucjo02""}]"			tucjo02
Opera	3.1	Active	PDS	null	MFBUMISC.OPERA.DIST31.+;MFBUMISC.OPERA.DEVLR32.MACLIB	"[{""PMFKEY"":""jenth05""},{""PMFKEY"":""slejo01""}]"		jenth05	slejo01
OPS/MVS	r11.6;r11.7;r11.8;r11.9;r12.0;r12.1;r12.2;r12.3	Active	MF20/Endevor;PDS	OPS	GIS Islandia data center	"[{""PMFKEY"":""jenth05""}]"		jenth05	slejo01
Optimizer	Base	Stabilized	CSCRE/Endevor	SYMBT	Mainframe	"[{""PMFKEY"":""dubmi01""},{""PMFKEY"":""davsc01""}]"		dubmi01	davsc01;dubmi01
Optimizer	7	Active	CMS	null	OPTOS;191;192;197;OPTXA;191;192;194	"[{""PMFKEY"":""dubmi01""}]"		dubmi01	dubmi01
Optimizer VSE	6	Active	CMS	null	OPTDOS;191;192;195;OPTDXA;191;192;OPTDRTL;191;192	"[{""PMFKEY"":""dubmi01""}]"		dubmi01	dubmi01
Optimizer/II	8.5;Base	Active	CSCRE/Endevor	SYMBT	Mainframe	"[{""PMFKEY"":""dubmi01""}]"		dubmi01	dubmi01
Optimizer/II	7	Active	CSCRE/Endevor	null	TFM.CSCRE.SYMBAT70.*	"[{""PMFKEY"":""dubmi01""}]"		dubmi01	dubmi01
Optimizer/II VSE	2	Active	CMS	null	OPTDXA;191;192;OPTDRTL;191;192	"[{""PMFKEY"":""dubmi01""}]"		dubmi01	dubmi01
Output Management Document Viewer	r2.1;r2.2	Stabilized	CSCR/Harvest	null	cscr809	"[{""PMFKEY"":""kokja01""},{""PMFKEY"":""raubr02""}]"		kokja01	raubr02
Pan/Audit & Toolkit	2.0; 3.0	Active	Panvalet	null	RETSYS.PAPL30AS.PANLIB;RETSYS.EPTK20AS.PANLIB	"[{""PMFKEY"":""dubmi01""},{""PMFKEY"":""abbwi01""}]"		dubmi01	abbwi01
Pan/SQL	2.3; 2.4C; 2.5	Active	CMS	null	Disks;444;445;446;447;448;450	"[{""PMFKEY"":""dubmi01""},{""PMFKEY"":""abbwi01""}]"		dubmi01	abbwi01
PanAPT	3.1; 3.2	Stabilized	Panvalet	null	LIBSYS.APT.R031ABS.*;LIBSYS.APT.R031AVR.*;LIBSYS.APT.R032AVR.*;LIBSYS.APT.R032ABS.*	"[{""PMFKEY"":""suljo02""},{""PMFKEY"":""cropa02""}]"			suljo02;cropa02
PANEX		Active	CSCRE/Endevor	PANEX		"[{""PMFKEY"":""ricar01""}]"			ricar01
Panexec	5.3	Stabilized	Panvalet	null	LIBSYS.PEXI.R053CBS.*;LIBSYS.PEXI.R053CVR.*	"[{""PMFKEY"":""suljo02""},{""PMFKEY"":""cropa02""}]"			suljo02;cropa02
PANS		Active	CSCRE/Endevor	PANS		"[{""PMFKEY"":""chate03""},{""PMFKEY"":""harde10""}]"		tunem01	chate03;harde10
PANV		Active	CSCRE/Endevor	PANV		"[{""PMFKEY"":""ricar01""}]"			ricar01
Partition Expert	r12; r14; r14.5; r15; 16.0;17.0; 999	End of Life	SCLM	null	PPX.PRD+++S.;PPX.HLD+++S.;PPX.BLD+++S.;PPX.INP+++S.;PPX.WRK+++S.;PPX.WK++++S.	"[{""PMFKEY"":""tucjo02""}]"			tucjo02
PAZ		Active	CSCRE/Endevor	PAZ		"[{""PMFKEY"":""berbe02""}]"			berbe02
PDSMAN	7.6;7.7	Active	CMS;Endevor;PDS	PDSM	USILDAVC - Islandia;USILDAMD - Islandia	"[{""PMFKEY"":""baljo03""},{""PMFKEY"":""madca02""}]"		jambr01	baljo03;madca02
PEC	4.7.x	Active	CSCR/Harvest	null	CSCR201	"[{""PMFKEY"":""puiro01""},{""PMFKEY"":""kolla01""}]"		puiro01	kolla01
Plan Analyzer	r12;r14;r14.5;r15;16.0;17.0;999;18.0;19.0	Active	SCLM;Endevor	DBT	Source resides on DEV DASD packs.;The GA releases of the datasets are stored on DEVR volumes which are tier-1 backed up DASD volumes.   For the pre-beta and BETA releases;the datasets are allocated on DEV volumes which are not part of DR.    When the products are moved into GA;the datasets are moved to the DEVR volumes.	"[{""PMFKEY"":""tucjo02""}]"			tucjo02
Plan Analyzer Common for DB2	r12;r14;r14.5;r15;16.0;17.0;999;18.0;19.0	Internal	SCLM;Endevor	DBT	Source resides on DEV DASD packs.;The GA releases of the datasets are stored on DEVR volumes which are tier-1 backed up DASD volumes.   For the pre-beta and BETA releases;the datasets are allocated on DEV volumes which are not part of DR.    When the products are moved into GA;the datasets are moved to the DEVR volumes.	"[{""PMFKEY"":""tucjo02""}]"			tucjo02
Plex	5.1;5.5;6.0;6.1;7.0;7.1;7.2	Active	CSCR/Harvest	null	CSCR808	"[{""PMFKEY"":""chera14""},{""PMFKEY"":""paiar01""}]"		dalal01	paiar01
PMA Chargeback	12.5-12.7	Active	CSCRE	null	PMSREST.MOTM.PMACB;PMAREST.MOTM.PMACB125;PMAREST.MOTM.PMACB126;PMAREST.MOTM.PMACB127	"[{""PMFKEY"":""stoda04""},{""PMFKEY"":""cafjo01""}]"		stoda04	cafjo01
PMACB		Active	CSCRE/Endevor	PMACB		"[{""PMFKEY"":""damda01""}]"			damda01
PMO	4.3;4.4	Active	PDS;Endevor	PMO	MFBUMISC.ASX.PMO.+;MFBUMISC.MFPROD.PMO.+;MFBUMISC.ASX.NESAS01.PMO.+;MFPROD.MOTM.PMO.	"[{""PMFKEY"":""baljo03""},{""PMFKEY"":""madca02""}]"		stoda04	baljo03;madca02
Post Install for DB2	r12;r14;r14.5;r15;16.0;17.0;999;18.0;19.0	Internal	SCLM;Endevor	DBT	Source resides on DEV DASD packs.;The GA releases of the datasets are stored on DEVR volumes which are tier-1 backed up DASD volumes.   For the pre-beta and BETA releases;the datasets are allocated on DEV volumes which are not part of DR.    When the products are moved into GA;the datasets are moved to the DEVR volumes.	"[{""PMFKEY"":""tucjo02""}]"			tucjo02
PRFCH		Active	CSCRE/Endevor	PRFCH		"[{""PMFKEY"":""rosma22""}]"			rosma22
PRIME Clarity		Active	CSCR/Harvest	null	CSCR622	"[{""PMFKEY"":""bremi05""}]"			bremi05
Program Restart Manager for IMS	r14;r15;r16;r18;19.0	Active	SCLM;Endevor	IMS	Source resides on DEV DASD packs.    	"[{""PMFKEY"":""strji02""}]"			strji02
PTE		Active	CSCRE/Endevor	PTE		"[{""PMFKEY"":""dubmi01""},{""PMFKEY"":""davsc01""}]"		minni01	davsc01;dubmi01
PTST		Active	CSCRE/Endevor	PTST		"[{""PMFKEY"":""tucjo02""}]"			tucjo02
QA Version Control		Active	CSCR/Harvest	null	CSCR616/QA Version Control	"[{""PMFKEY"":""vakmo01""},{""PMFKEY"":""vensu02""}]"		vensu02	vakmo01
QFS		Active	CSCRE/Endevor	QFS		"[{""PMFKEY"":""baljo03""},{""PMFKEY"":""madca02""}]"		jambr01	madca02
QRT	r1.0	Active	CSCR/Harvest	null	CSCR108	"[{""PMFKEY"":""grake02""},{""PMFKEY"":""urqst01""}]"		urqst01	grake02
Quick Copy	r12;r14;r14.5;r15;16.0;17.0;999;18.0;19.0	Active	SCLM;Endevor	DBT	Source resides on DEV DASD packs.;The GA releases of the datasets are stored on DEVR volumes which are tier-1 backed up DASD volumes.   For the pre-beta and BETA releases;the datasets are allocated on DEV volumes which are not part of DR.    When the products are moved into GA;the datasets are moved to the DEVR volumes.	"[{""PMFKEY"":""tucjo02""}]"			tucjo02
Quick-Fetch (QF)	2.6	Active	PDS	null	MFBUMISC.ASX.QFS.+	"[{""PMFKEY"":""stoda04""},{""PMFKEY"":""cafjo01""}]"		stoda04	cafjo01
RAMIS	3.2	Active	CPM	null	MFBUMISC.IM1SUP.RAMIS.ENGREL32;MFBUMISC.IM1SUP.RAMIS74+;MFBUMISC.MFPROD.RAMIS+;IM1DEV.RAMIS.;MFBUMISC.IM1DEV.;MFBUMISC.IM1SUP.;MFBUMISC.MFPROD.;RAMIS.	"[{""PMFKEY"":""cafjo01""},{""PMFKEY"":""stoda04""}]"		stoda04	cafjo01
Rapid Input/Output	r12;r14;r14.5;r15;16.0;17.0;999;18.0;19.0	Internal	SCLM;Endevor	DBT	Source resides on DEV DASD packs.;The GA releases of the datasets are stored on DEVR volumes which are tier-1 backed up DASD volumes.   For the pre-beta and BETA releases;the datasets are allocated on DEV volumes which are not part of DR.    When the products are moved into GA;the datasets are moved to the DEVR volumes.	"[{""PMFKEY"":""tucjo02""}]"			tucjo02
Rapid Reorg	r12;r14;r14.5;r15;16.0;17.0;999;18.0;19.0	Active	SCLM;Endevor	DBT	Source resides on DEV DASD packs.;The GA releases of the datasets are stored on DEVR volumes which are tier-1 backed up DASD volumes.   For the pre-beta and BETA releases;the datasets are allocated on DEV volumes which are not part of DR.    When the products are moved into GA;the datasets are moved to the DEVR volumes.	"[{""PMFKEY"":""tucjo02""}]"			tucjo02
RAPS	Release 5	Active	CPM	null	VSEDEV.RAPS;VSEDEV.RAPSVSE	"[{""PMFKEY"":""stoda04""},{""PMFKEY"":""cafjo01""}]"		stoda04	cafjo01
RC/Extract	r12;r14;r14.5;r15;16.0;17.0;999;18.0;19.0	Active	SCLM;Endevor	DBT	Source resides on DEV DASD packs.;The GA releases of the datasets are stored on DEVR volumes which are tier-1 backed up DASD volumes.   For the pre-beta and BETA releases;the datasets are allocated on DEV volumes which are not part of DR.    When the products are moved into GA;the datasets are moved to the DEVR volumes.	"[{""PMFKEY"":""tucjo02""}]"			tucjo02
RC/Migrator	r12;r14;r14.5;r15;16.0;17.0;999;18.0;19.0	Active	SCLM;Endevor	DBT	Source resides on DEV DASD packs.;The GA releases of the datasets are stored on DEVR volumes which are tier-1 backed up DASD volumes.   For the pre-beta and BETA releases;the datasets are allocated on DEV volumes which are not part of DR.    When the products are moved into GA;the datasets are moved to the DEVR volumes.	"[{""PMFKEY"":""tucjo02""}]"			tucjo02
RC/Query	r12;r14;r14.5;r15;16.0;17.0;999;18.0;19.0	Active	SCLM;Endevor	DBT	Source resides on DEV DASD packs.;The GA releases of the datasets are stored on DEVR volumes which are tier-1 backed up DASD volumes.   For the pre-beta and BETA releases;the datasets are allocated on DEV volumes which are not part of DR.    When the products are moved into GA;the datasets are moved to the DEVR volumes.	"[{""PMFKEY"":""tucjo02""}]"			tucjo02
RC/Secure	r12;r14;r14.5;r15;16.0;17.0;999;18.0;19.0	Active	SCLM;Endevor	DBT	Source resides on DEV DASD packs.;The GA releases of the datasets are stored on DEVR volumes which are tier-1 backed up DASD volumes.   For the pre-beta and BETA releases;the datasets are allocated on DEV volumes which are not part of DR.    When the products are moved into GA;the datasets are moved to the DEVR volumes.	"[{""PMFKEY"":""tucjo02""}]"			tucjo02
RC/Update	r12;r14;r14.5;r15;16.0;17.0;999;18.0;19.0	Active	SCLM;Endevor	DBT	Source resides on DEV DASD packs.;The GA releases of the datasets are stored on DEVR volumes which are tier-1 backed up DASD volumes.   For the pre-beta and BETA releases;the datasets are allocated on DEV volumes which are not part of DR.    When the products are moved into GA;the datasets are moved to the DEVR volumes.	"[{""PMFKEY"":""tucjo02""}]"			tucjo02
RCM		Active	CSCRE/Endevor	RCM		"[{""PMFKEY"":""tucjo02""}]"			tucjo02
Realia	r3.3	End of Life	CSCR/Harvest	null	CSCR801	"[{""PMFKEY"":""abbwi01""}]"		dubmi01	abbwi01
Recovery Analyzer	r12;r14;r14.5;r15;16.0;17.0;999;18.0;19.0	Active	SCLM;Endevor	DBT	Source resides on DEV DASD packs.;The GA releases of the datasets are stored on DEVR volumes which are tier-1 backed up DASD volumes.   For the pre-beta and BETA releases;the datasets are allocated on DEV volumes which are not part of DR.    When the products are moved into GA;the datasets are moved to the DEVR volumes.	"[{""PMFKEY"":""tucjo02""}]"			tucjo02
RECUT		Active	CSCRE/Endevor	RECUT		"[{""PMFKEY"":""gooma04""}]"			gooma04
Remote Console	2.3	Active	PDS;Endevor	RCS	N/A	"[{""PMFKEY"":""baljo03""},{""PMFKEY"":""madca02""}]"		stoda04	baljo03;madca02
Report Facility	r12;r14;r14.5;r15;16.0;17.0;999;18.0;19.0	Active	SCLM;Endevor	DBT	Source resides on DEV DASD packs.;The GA releases of the datasets are stored on DEVR volumes which are tier-1 backed up DASD volumes.   For the pre-beta and BETA releases;the datasets are allocated on DEV volumes which are not part of DR.    When the products are moved into GA;the datasets are moved to the DEVR volumes.	"[{""PMFKEY"":""tucjo02""}]"			tucjo02
Repository - Distributed	2.2; 2.3	End of Life	CSCR/Harvest	null	CSCR604/CAARDS	"[{""PMFKEY"":""shuke01""}]"		shuke01	shuke01
Repository - Distributed	2.2; 2.3	End of Life	CSCR/Harvest	null	TSREPO.	"[{""PMFKEY"":""shuke01""}]"		shuke01	shuke01
Repository for z/OS	r7; r7.1; r7.2	Active	CSCR/Harvest	null	"CSCR603/ARzOS Rel,ARzOS WSO"	"[{""PMFKEY"":""shuke01""}]"		shuke01	shuke01
Repository for z/OS		Active	CSCR/Harvest	null	CSCR603/ARzOS Prototypes	"[{""PMFKEY"":""shuke01""}]"		shuke01	shuke01
Repository for z/OS	r7; r7.1; r7.2	Active	PDS	null	MFBUMISC.PRM+;PRM.CSCRE+;QARZOS1;TSREPO	"[{""PMFKEY"":""shuke01""}]"		shuke01	shuke01
RI Manager	r12;r14;r14.5;r15;16.0;17.0;999;18.0;19.0	Active	SCLM;Endevor	DBT	Source resides on DEV DASD packs.;The GA releases of the datasets are stored on DEVR volumes which are tier-1 backed up DASD volumes.   For the pre-beta and BETA releases;the datasets are allocated on DEV volumes which are not part of DR.    When the products are moved into GA;the datasets are moved to the DEVR volumes.	"[{""PMFKEY"":""tucjo02""}]"			tucjo02
ROS		Active	CSCRE/Endevor	ROS		"[{""PMFKEY"":""baljo03""},{""PMFKEY"":""madca02""}]"		jambr01	baljo03;madca02
RSLTS		Active	CSCRE/Endevor	RSLTS		"[{""PMFKEY"":""cafjo01""},{""PMFKEY"":""stoda04""}]"		stoda04	cafjo01
RSVP	1	Active	CSCRE/Endevor	null	ASMDSK.S70211.*;ASMDSK.CSCRE.RSVP.*;ASM.RSVPL1.*;ASM.CSCRE.ASM2R.*	"[{""PMFKEY"":""casjo02""},{""PMFKEY"":""hurro01""}]"			casjo02
SA	r6	Active	CSCR/Harvest	null	CSCR927/SA_	"[{""PMFKEY"":""vakmo01""},{""PMFKEY"":""vensu02""}]"		vensu02	vakmo01
SANTEFE		Active	CSCR/Harvest	null	CSCR927/SANTAFE	"[{""PMFKEY"":""vakmo01""},{""PMFKEY"":""vensu02""}]"		vensu02	vakmo01
SAS/C Common	r12	Retired	SCLM	null	CGN.PRD+++S.;CGN.HLD+++S.;CGN.BLD+++S.;CGN.INP+++S.;CGN.WRK+++S.;CGN.WK++++S.	"[{""PMFKEY"":""tucjo02""}]"			tucjo02
Scheduler	r11	Active	CSCRE/Endevor	SCH	N/A	"[{""PMFKEY"":""macco01""},{""PMFKEY"":""davfe01""}]"			macco01;davfe01
Scheduler Smart Console	1.1	Active	PDS	null	MFBUMISC.OPERA.DIST31.+;MFBUMISC.OPERA.DEVLR32.MACLIB	"[{""PMFKEY"":""davfe01""},{""PMFKEY"":""slejo01""}]"		davfe01	slejo01
SCHEDULER/VSE	Release 7.3	Active	CSCR/Harvest;CMS	null	N/A	"[{""PMFKEY"":""stoda04""},{""PMFKEY"":""cafjo01""}]"		stoda04	cafjo01
SCHEDULER/VSE	Release 7.3	Active	CSCR/Harvest;CMS	null	HARDCOPY;in;Columbus;also;images;on;CD-ROM;and;on;CSCR;at;/CSCR801/CA_Scheduler_for_VSE/Development/Packages/Scheduler;Listings/;EPCMS:COLSFS.SCHDVS.R73.LISTING;incomplete;Type:;Hardcopy	"[{""PMFKEY"":""stoda04""},{""PMFKEY"":""cafjo01""}]"		stoda04	cafjo01
Secondary Index	r14;r15;r16;r18;19.0	Active	SCLM;Endevor	IMS	Source resides on DEV DASD packs.    	"[{""PMFKEY"":""strji02""}]"			strji02
Secondary Index Builder for IMS	r14;r15;r16;r18;19.0	Active	SCLM;Endevor	IMS	Source resides on DEV DASD packs.    	"[{""PMFKEY"":""strji02""}]"			strji02
Service Catalog		Active	CSCR/Harvest	null	CSCR621	"[{""PMFKEY"":""vakmo01""}]"			vakmo01
Service Desk Manager		Active	CSCR/Harvest	null	CSCR616/SDMAF;CSCR927/SDM	"[{""PMFKEY"":""vakmo01""},{""PMFKEY"":""vensu02""}]"		vensu02	vakmo01
Service Desk Manager	R12;12.1;12.5;12.6;12.7;12.9;14.1;14.1.01;14.1.02;14.1.03;17	Active	CSCR/Harvest	null	CSCR927/SDr	"[{""PMFKEY"":""vakmo01""},{""PMFKEY"":""vensu02""}]"		vensu02	vakmo01
Service Desk Manager - Catalyst Connector		Active	CSCR/Harvest	null	CSCR709/cmdb	"[{""PMFKEY"":""vakmo01""},{""PMFKEY"":""vensu02""}]"		vensu02	vakmo01
Smartphone Challenge		Active	CSCR/Harvest	null	CSCR1400	"[{""PMFKEY"":""kabni01""}]"			kabni01
SMF Director	12.0;12.6;12.7	Active	CSCRE	null	PMAREST.MOTM.SMFD120.*	"[{""PMFKEY"":""jambr01""}]"		jambr01	
SMFD		Active	CSCRE/Endevor	SMFD		"[{""PMFKEY"":""damda01""}]"			damda01
SMR		Active	CSCRE/Endevor	SMR		"[{""PMFKEY"":""baljo03""},{""PMFKEY"":""madca02""}]"			baljo03;madca02
SMR	3.4	Active	PDS	null	MFBUMISC.APCMTL.PL34.+;MFBUMISC.OMMTL.SRC.PL34.+;OMMTL.CSCRE.SMR.PL34.+	"[{""PMFKEY"":""cafjo01""},{""PMFKEY"":""stoda04""}]"		stoda04	cafjo01
Snapshot General Services	r12;r14;r14.5;r15;16.0;17.0;999;18.0;19.0	Internal	SCLM;Endevor	DBT	Source resides on DEV DASD packs.;The GA releases of the datasets are stored on DEVR volumes which are tier-1 backed up DASD volumes.   For the pre-beta and BETA releases;the datasets are allocated on DEV volumes which are not part of DR.    When the products are moved into GA;the datasets are moved to the DEVR volumes.	"[{""PMFKEY"":""tucjo02""}]"			tucjo02
Solution Integrations		Active	CSCR/Harvest	null	"CSCR709/bmc,ciscoworks,cloudstack,emc,hp-operationsmanager,hp-bsm,hp-paw,hp-ucmdb,hp-service-manager,hp-system-insight,ibm-netcool,ibm-systems-director,ibm-tec,ibm-tsrm,itm-teps,ibm-tivoli,netapp-sanscreen,nim-common,normalized-service-manager,odbc-jdbc-catalyst,oracle-gridcontrol,sap-hcm-fi,scom-catalyst,servicenow-connector,snmp-generic,vmware-vcloud"	"[{""PMFKEY"":""chaso05""}]"			chaso05
Solve CPT	6.1	Stabilized	CSCRE/Endevor;CMS	null	MFBUMISC.NTWRKIT.TAPE+	"[{""PMFKEY"":""cafjo01""},{""PMFKEY"":""stoda04""}]"		stoda04	cafjo01
Solve:Access	r5.0	Active	PDS;Endevor	NETM	GIS Islandia data center	"[{""PMFKEY"":""joheu02""},{""PMFKEY"":""angth01""},{""PMFKEY"":""norst02""}]"	angth01	norst02	joheu02
SOLVE:Central	v5.0	Active	PDS;Endevor	NETM	N/A;GIS Islandia data center	"[{""PMFKEY"":""joheu02""},{""PMFKEY"":""angth01""},{""PMFKEY"":""norst02""}]"	angth01	norst02	joheu02
SOLVE:FTS	r12.1	Active	PDS;Endevor	NETM	GIS Islandia data center	"[{""PMFKEY"":""joheu02""},{""PMFKEY"":""angth01""},{""PMFKEY"":""norst02""}]"	angth01	norst02	joheu02
SOLVE:Infomaster	v4.0	Stabilized	PDS;Endevor	NETM	GIS Islandia data center	"[{""PMFKEY"":""joheu02""},{""PMFKEY"":""angth01""},{""PMFKEY"":""norst02""}]"	angth01	norst02	joheu02
SOLVE:NetMail	v4.0	Stabilized	PDS;Endevor	NETM	GIS Islandia data center	"[{""PMFKEY"":""angth01""},{""PMFKEY"":""norst02""},{""PMFKEY"":""joheu02""}]"	angth01	norst02	joheu02
Solve:Operations	r11.9	Active	PDS;Endevor	NETM	GIS Islandia data center	"[{""PMFKEY"":""joheu02""},{""PMFKEY"":""angth01""},{""PMFKEY"":""norst02""}]"	angth01	norst02	joheu02
Solve:Operations for CICS	r11.9	Active	PDS;Endevor	NETM	GIS Islandia data center	"[{""PMFKEY"":""joheu02""},{""PMFKEY"":""angth01""},{""PMFKEY"":""norst02""}]"	angth01	norst02	joheu02
SPNA System Scripts		End of Life	CSCR/Harvest	null	CSCR1309	"[{""PMFKEY"":""ganra08""}]"			ganra08
SPOOL	r11.5;r11.6;r11.7;r12.0	Active	CSCRE/Endevor;MSPS	"SPOOL,LPD"	N/A	"[{""PMFKEY"":""niead01""},{""PMFKEY"":""obega01""},{""PMFKEY"":""strmi03""}]"		kokja01	niead01;obega01;strmi03
SQL-Ease	r12;r14;r14.5;r15;16.0;17.0;999;18.0;19.0	Active	SCLM;Endevor	DBT	Source resides on DEV DASD packs.;The GA releases of the datasets are stored on DEVR volumes which are tier-1 backed up DASD volumes.   For the pre-beta and BETA releases;the datasets are allocated on DEV volumes which are not part of DR.    When the products are moved into GA;the datasets are moved to the DEVR volumes.	"[{""PMFKEY"":""tucjo02""}]"			tucjo02
SRAM (ZOS)	7	Stabilized	PDS	null	MFBUMISC.MFPROD.CASORT.*	"[{""PMFKEY"":""cafjo01""},{""PMFKEY"":""stoda04""}]"		stoda04	cafjo01
STAR		Active	CSCRE/Endevor	STAR		"[{""PMFKEY"":""lynjo02""}]"		lynjo02	colde05
Star Issue Reports & Auto Assign		End of Life	CSCR/Harvest	null	CSCR623	"[{""PMFKEY"":""ganra08""}]"			ganra08
Statistics Manager	r12;r14;r14.5;r15;16.0;17.0;999;18.0;19.0	Active	SCLM;Endevor	DBT	Source resides on DEV DASD packs.;The GA releases of the datasets are stored on DEVR volumes which are tier-1 backed up DASD volumes.   For the pre-beta and BETA releases;the datasets are allocated on DEV volumes which are not part of DR.    When the products are moved into GA;the datasets are moved to the DEVR volumes.	"[{""PMFKEY"":""tucjo02""}]"			tucjo02
Storage Resource Manager		Active	CSCR/Harvest	null	"CSCR504/SRM,Assentor,BSM,BrightStor,CAMM,CCIM,Compliance,L2-,Field Integration,Discovery,iLumin,MDY,MM-,StorageMonitor,WebAccess,CA Hcc"	"[{""PMFKEY"":""casjo02""},{""PMFKEY"":""seqiv01""},{""PMFKEY"":""falmi03""}]"			zacra01;casjo02
Subsystem Analyzer	r12;r14;r14.5;r15;16.0;17.0;999;18.0;19.0	Active	SCLM;Endevor	DBT	Source resides on DEV DASD packs.;The GA releases of the datasets are stored on DEVR volumes which are tier-1 backed up DASD volumes.   For the pre-beta and BETA releases;the datasets are allocated on DEV volumes which are not part of DR.    When the products are moved into GA;the datasets are moved to the DEVR volumes.	"[{""PMFKEY"":""tucjo02""}]"			tucjo02
SVTS125.		Active	CSCRE/Endevor	SVTS125.		"[{""PMFKEY"":""kucka01""}]"	angth01	giero01	kucka01
SymDump Batch	7.0;8.0	Active	CSCRE/Endevor	SYMBT	Mainframe	"[{""PMFKEY"":""dubmi01""}]"		dubmi01	dubmi01
SymDump Batch	8.5;9.0;9.1;Base	Active	CSCRE/Endevor	SYMBT	Mainframe	"[{""PMFKEY"":""dubmi01""}]"		dubmi01	dubmi01
SymDump for CICS	8.5;9.0;9.1;Base	Active	CSCRE/Endevor	SYMBT	Mainframe	"[{""PMFKEY"":""dubmi01""}]"		dubmi01	dubmi01
SymDump for CICS	7.0;8.0	Active	Librarian	null	AD1DEV.INTERT70.*;AD1DEV.INTERT80.*	"[{""PMFKEY"":""dubmi01""}]"		dubmi01	dubmi01
SymDump System	7	Active	CSCRE/Endevor	SYMSY	Mainframe	"[{""PMFKEY"":""dubmi01""},{""PMFKEY"":""davsc01""}]"		dubmi01	davsc01;dubmi01
SymDump System	8.5;9.0;9.1;Base	Active	CSCRE/Endevor	SYMSY	Mainframe	"[{""PMFKEY"":""dubmi01""},{""PMFKEY"":""davsc01""}]"		dubmi01	davsc01;dubmi01
SymDump System	1	Active	PDS	null	CDE.DUMPVIEW.*	"[{""PMFKEY"":""dubmi01""}]"		dubmi01	dubmi01
SymDump System Web Interface	7.0;8.5	Active	CSCR/Harvest	null	CSCR801	"[{""PMFKEY"":""dubmi01""}]"		dubmi01	
SysEdge 	4.*;5.*	Active	CSCR/Harvest	null	CSCR913	"[{""PMFKEY"":""bhara20""}]"		gunmi02	bhara20
SYSPROG		Active	CSCRE/Endevor	SYSPROG		"[{""PMFKEY"":""ricar01""}]"			ricar01
SYSVIEW	r13.5;r13.7;r13.9;r14.0;r14.1	Active	VM (MF OS);Endevor	null	GSVXDEV.MOTM.*	"[{""PMFKEY"":""gagto01""},{""PMFKEY"":""giero01""},{""PMFKEY"":""angth01""}]"	angth01	giero01	gagto01
SYSVW		Active	CSCRE/Endevor	SYSVW		"[{""PMFKEY"":""rosma22""}]"			rosma22
TCPaccess CS	r6.0;r6.1	End of Life	OpenVMS CMS;PDS	null	MFBUMISC.NTWRKIT.TAPE+;TCPACC.CSCRE.PROD.TCP600+;NTWRKIT	"[{""PMFKEY"":""cafjo01""},{""PMFKEY"":""stoda04""}]"		stoda04	cafjo01
TCPaccess FTP Server	6	End of Life	OpenVMS CMS;PDS	null	MFBUMISC.NTWRKIT.TAPE+;TCPACC.CSCRE.PROD.FTP610+;NTWRKIT	"[{""PMFKEY"":""cafjo01""},{""PMFKEY"":""stoda04""}]"		stoda04	cafjo01
TCPaccess Telnet Server (Build Environment = Customized)	6.2	End of Life	OpenVMS CMS;PDS (Outdated Endevor)	null	MFBUMISC.NTWRKIT.TAPE+;TCPACC.CSCRE.PROD.TLN620+;TCPACC.;NTWRKIT	"[{""PMFKEY"":""cafjo01""},{""PMFKEY"":""stoda04""}]"		stoda04	cafjo01
TCPaccess X.25 Server	v7.0	Active	PDS	null	AUDE0.X25.;AUCM0.FIXREG.*	"[{""PMFKEY"":""joheu02""},{""PMFKEY"":""angth01""},{""PMFKEY"":""norst02""}]"	angth01	norst02	joheu02
TDM		Active	CSCRE/Endevor	TDM		"[{""PMFKEY"":""ricar01""}]"			ricar01
TechInfo Publications		Active	CSCR/Harvest	null	CSCR001	"[{""PMFKEY"":""strki04""},{""PMFKEY"":""skopa01""}]"		strki04	skopa01
Technical Support Reporting		Active	CSCR/Harvest	null	CSCR007	"[{""PMFKEY"":""samap01""}]"			samap01
TechStack / MDB		Active	CSCR/Harvest	null	CSCR706	"[{""PMFKEY"":""deyar02""}]"			deyar02
Teleview	4.4	Active	PDS	null	MFBUMISC.TV+;TV.CSCRE+;TV.*	"[{""PMFKEY"":""cafjo01""},{""PMFKEY"":""stoda04""}]"		stoda04	cafjo01
Telon	5.1	Active	CSCR/Endevor	TELON	MOTM volumes	"[{""PMFKEY"":""dubmi01""},{""PMFKEY"":""davsc01""}]"		svami01	davsc01;dubmi01
Telon (PWS only)	5.1	Active	CSCR/Harvest;CSCR/Endevor	TELON	CSCR803	"[{""PMFKEY"":""svami01""},{""PMFKEY"":""konda02""}]"		svami01	hopmi01;konda02
Telon PWS 	4.0;4.1;5.0	Active	N/A;Harvest	null	CSCR803	"[{""PMFKEY"":""svami01""},{""PMFKEY"":""konda02""}]"		svami01	hopmi01;konda02
Test Coverage/2000	1	End of Life	CMS	null	TC2000;191;192;OPTXA;191;192;OPTRTL;191;192	"[{""PMFKEY"":""dubmi01""}]"		dubmi01	dubmi01
Testing Tools Common Eclipse UI	9.0;9.1	Active	CSCR/Harvest	null	CSCR801	"[{""PMFKEY"":""dubmi01""}]"		dubmi01	
Testing Tools Common Symbolic Component	8.5;9.0;9.1;Base	Active	CSCRE/Endevor	SYMCC	Mainframe	"[{""PMFKEY"":""dubmi01""},{""PMFKEY"":""davsc01""}]"		dubmi01	davsc01;dubmi01
Thread Terminator	r12;r14;r14.5;r15;16.0;17.0;999;18.0;19.0	Active	SCLM;Endevor	DBT	Source resides on DEV DASD packs.;The GA releases of the datasets are stored on DEVR volumes which are tier-1 backed up DASD volumes.   For the pre-beta and BETA releases;the datasets are allocated on DEV volumes which are not part of DR.    When the products are moved into GA;the datasets are moved to the DEVR volumes.	"[{""PMFKEY"":""tucjo02""}]"			tucjo02
TLMS	11.5;12.0;12.6	Active	CSCRE/Endevor	TLMS	N/A;Islandia Data Center;Lisle DR location - replicated	"[{""PMFKEY"":""samda02""},{""PMFKEY"":""mccvi01""}]"			samda02;mccvi01
TLMS Copycat Utility	11	Active	Source Code Control System (SCCS);PDS	null	CATC000.*	"[{""PMFKEY"":""casjo02""},{""PMFKEY"":""carju01""}]"			casjo02
TLNTS999		Active	CSCRE/Endevor	TLNTS999		"[{""PMFKEY"":""dubmi01""},{""PMFKEY"":""davsc01""}]"		minni01	davsc01;dubmi01
TOP SECRET VSE	r3; 3.1	Active	CMS	null	CMS;Disks:;INFOVSE;ESIVSE;SFS;Directories:;VSEDEV.ESI;VSEDEV.ESIVSE;VSEDEV.TSS;VSEDEV.TSSDUMP	"[{""PMFKEY"":""stoda04""},{""PMFKEY"":""cafjo01""}]"		stoda04	cafjo01
TOPST		Active	CSCRE/Endevor	TOPST		"[{""PMFKEY"":""chate03""},{""PMFKEY"":""harde10""}]"		tunem01	chate03;harde10
TPX	5.2; 5.3; 5.4	Active	CSCRE/Endevor	"TPX,CATPX"	N/A	"[{""PMFKEY"":""baljo03""},{""PMFKEY"":""madca02""}]"		jambr01	baljo03;madca02
TPX VM	4	Active	PDS	null	MFBUMISC.NVI.NVI40+;MFBUMISC.NVI.TPX+	"[{""PMFKEY"":""jambr01""}]"		jambr01	
Transit	3.1	Active	CSCRE/Endevor	null	ASM.TRANS*	"[{""PMFKEY"":""casjo02""},{""PMFKEY"":""hurro01""}]"			casjo02
TRILOGexpert Performance Desktop	2.3	Active	CSCR/Harvest	null	CSCR801	"[{""PMFKEY"":""dubmi01""}]"		dubmi01	
TSO/MON	6.2	End of Life	PDS	null	MFBUMISC.MFPROD.TSOMON.*;MFBUMISC.TSOMON.*;MFPROD.TMON.;MFPROD.TSOMON.;TSOMON.	"[{""PMFKEY"":""cafjo01""},{""PMFKEY"":""stoda04""}]"		stoda04	cafjo01
TSS		Active	CSCRE/Endevor	TSS		"[{""PMFKEY"":""chate03""},{""PMFKEY"":""harde10""}]"		tunem01	chate03;harde10
TSSDB		Active	CSCRE/Endevor	TSSDB		"[{""PMFKEY"":""chate03""},{""PMFKEY"":""harde10""}]"		tunem01	chate03;harde10
TTDSS		Active	CSCRE/Endevor	TTDSS		"[{""PMFKEY"":""dubmi01""},{""PMFKEY"":""davsc01""}]"		minni01	davsc01;dubmi01
UCANDU	3.3	Active	CSCRE/Endevor	null	ASMDSK.CSCRE.UCAN.*;ASM.UCANDUL2.*	"[{""PMFKEY"":""casjo02""},{""PMFKEY"":""hurro01""}]"			casjo02
UEX		Active	CSCRE/Endevor	UEX		"[{""PMFKEY"":""ricar01""}]"			ricar01
UFO	3.2	Active	CPM;PDS	null	MFBUMISC.IM1SUP.UFO+;MFPROD.INTERT*;IM1QA.UFO.;MFPROD.UFO	"[{""PMFKEY"":""cafjo01""},{""PMFKEY"":""stoda04""}]"		stoda04	cafjo01
UMP 		Active	CSCR/Harvest	null	CSCR921	"[{""PMFKEY"":""srigi02""}]"			srigi02
Unicenter CAAMToolkit		Active	CSCR/Harvest	null	CSCR901	"[{""PMFKEY"":""bn$ba01""}]"			bn$ba01
Unicenter Desktop DNA		Active	CSCR/Harvest	null	CSCR903	"[{""PMFKEY"":""yadtr01""}]"			yadtr01
Unicenter DIA		Active	CSCR/Harvest	null	CSCR902	"[{""PMFKEY"":""srigi02""}]"			srigi02
Unicenter Netmaster		Active	CSCR/Harvest	null	CSCR904	"[{""PMFKEY"":""norst02""}]"			norst02
Unicenter NSM EM		End of Life	CSCR/Harvest	null	CSCR912	"[{""PMFKEY"":""rssan01""}]"			rssan01
Unicenter NSM Management Command Center		Active	CSCR/Harvest	null	CSCR922	"[{""PMFKEY"":""srigi02""}]"			srigi02
Unicenter NSM Sust. Eng. AT		Active	CSCR/Harvest	null	CSCR905	"[{""PMFKEY"":""srigi02""}]"			srigi02
Unicenter NSM Sust. Eng. EM		Active	CSCR/Harvest	null	CSCR906	"[{""PMFKEY"":""srigi02""}]"			srigi02
Unicenter NSM Worldview		Active	CSCR/Harvest	null	CSCR924	"[{""PMFKEY"":""srigi02""}]"			srigi02
"Unicenter SPO, SA, URM"		Active	CSCR/Harvest	null	CSCR925	"[{""PMFKEY"":""baych01""}]"			baych01
Unicenter Test Cases		Active	CSCR/Harvest	null	CSCR003	"[{""PMFKEY"":""pansu10""}]"			pansu10
USD other		Active	CSCR/Harvest	null	CSCR927	"[{""PMFKEY"":""vakmo01""},{""PMFKEY"":""vensu02""}]"		vensu02	vakmo01
USM Catalyst Connector	1.1.0;trunk	Active	CSCR/Harvest	null	CSCR709/ucm	"[{""PMFKEY"":""taoyu04""}]"		merja01	taoyu04
Utilities Common	r12;r14;r14.5;r15;16.0;17.0;999;18.0;19.0	Internal	SCLM;Endevor	DBT	Source resides on DEV DASD packs.;The GA releases of the datasets are stored on DEVR volumes which are tier-1 backed up DASD volumes.   For the pre-beta and BETA releases;the datasets are allocated on DEV volumes which are not part of DR.    When the products are moved into GA;the datasets are moved to the DEVR volumes.	"[{""PMFKEY"":""tucjo02""}]"			tucjo02
Utilities Online	r12;r14;r14.5;r15;16.0;17.0;999;18.0;19.0	Active	SCLM;Endevor	DBT	Source resides on DEV DASD packs.;The GA releases of the datasets are stored on DEVR volumes which are tier-1 backed up DASD volumes.   For the pre-beta and BETA releases;the datasets are allocated on DEV volumes which are not part of DR.    When the products are moved into GA;the datasets are moved to the DEVR volumes.	"[{""PMFKEY"":""tucjo02""}]"			tucjo02
Utility General Recovery	r12;r14;r14.5;r15;16.0;17.0;999;18.0;19.0	Internal	SCLM;Endevor	DBT	Source resides on DEV DASD packs.;The GA releases of the datasets are stored on DEVR volumes which are tier-1 backed up DASD volumes.   For the pre-beta and BETA releases;the datasets are allocated on DEV volumes which are not part of DR.    When the products are moved into GA;the datasets are moved to the DEVR volumes.	"[{""PMFKEY"":""tucjo02""}]"			tucjo02
V/SEG	r1.5a;1.6;1.7	Active	CPM	null	Type:;SFS	"[{""PMFKEY"":""jambr01""}]"		jambr01	
Vantage SRM	12;12.5;12.6;14.0	Active	CSCRE/Endevor;Harvest	VANT	Islandia	"[{""PMFKEY"":""kucka01""}]"			kucka01
Vantage SRM/CA GMI Windows Client UI	12;Development	Active	CSCR/Harvest	null	CSCR504/CA Vantage SRM Windows Client	"[{""PMFKEY"":""seqiv01""},{""PMFKEY"":""casjo02""},{""PMFKEY"":""falmi03""},{""PMFKEY"":""lorva01""}]"			seqiv01;casjo02
Vantage SRM/CA GMI Web User Interface	12;12.5;14.0;Development	Active	CSCR/Harvest	null	"CSCR504/Vantage,CA Vantage,CA-Vantage,MF-CAVantage"	"[{""PMFKEY"":""casjo02""},{""PMFKEY"":""seqiv01""},{""PMFKEY"":""falmi03""},{""PMFKEY"":""kovjo04""}]"			casjo02;seqiv01
Verify for CICS	8.5;9.0;Base	Active	CSCRE/Endevor	VERFY	Mainframe	"[{""PMFKEY"":""dubmi01""},{""PMFKEY"":""davsc01""}]"		dubmi01	davsc01;dubmi01
Verify for VTAM	8.5;9.0;Base	Active	CSCRE/Endevor	VERFY	Mainframe	"[{""PMFKEY"":""dubmi01""},{""PMFKEY"":""davsc01""}]"		dubmi01	davsc01;dubmi01
VIEW	r11.5;12.0;12.1;12.2;11.6;11.7	Active	CSCRE/Endevor	VIEW	N/A	"[{""PMFKEY"":""niead01""},{""PMFKEY"":""obega01""},{""PMFKEY"":""strmi03""}]"		kokja01	niead01;obega01;strmi03
Viewpoint CS	r3.0	Active	CMS	null	KOALA;124;192;200;212;305;503	"[{""PMFKEY"":""feese01""}]"			feese01
VISION:Builder/VISION:Two z/OS & VSE	15	Active	PDS	null	MFBUMISC.MCONFIG.BL+;MFBUMISC.MCONFIG.CL05+;MFBUMISC.MCONFIG.WB07+;BUILDER.CSCRE+;MFBUMISC.MCONFIG.CL+;MFBUMISC.MCONFIG.WB;BUILDER.;MFBUMISC.MCONFIG.	"[{""PMFKEY"":""cafjo01""},{""PMFKEY"":""stoda04""}]"		stoda04	cafjo01
VISION:Excel z/OS & VSE	r7.0	Active	Panvalet	null	MFBUMISC.ISPDYL2.EXC+;MFBUMISC.ISPDYL2.AUD51X.VSESPNST;MFBUMISC.ISPDYL2.AUD51X.VSE1INST;MFBUMISC.ISPDYL2.AUD51X.VSE	"[{""PMFKEY"":""cafjo01""},{""PMFKEY"":""stoda04""}]"		stoda04	cafjo01
VISION:Forms (Quikwrite) z/OS & VSE	3.08; 3.09	Active	PDS	null	MFBUMISC.ISPQW+;ISPQJ.CSCRE.QK+;BUILDER.*;ISPQW.;CERT.;CN040950;COMLIB.;DSG.;DYL.;DYLCICS.;II.;IMDIMS.;INF.;INFORM.;INFVSAM1.;INQY.;INTRAHCS.;ISPDYL1.;ISPDYL2.;ISPD41.;ISPD82.;ISPLHS.;ISPODY.;ISPQJ.;ISPQW.;MARKISPF.;MARKIV.;MARKV.;MCONFIG.;MIL.;TRANSACT.	"[{""PMFKEY"":""cafjo01""},{""PMFKEY"":""stoda04""}]"		stoda04	cafjo01
VISION:Inform	4	Active	PDS	null	INFORM.CSCRE+;INFORM.	"[{""PMFKEY"":""cafjo01""},{""PMFKEY"":""stoda04""}]"		stoda04	cafjo01
VISION:Inquiry	r6.5	Active	CSCRE/Endevor	null	INQY.CSCRE+;MFBUMISC.VINQ.IMS.R65.;BUILDER.*;CERT.;CN040950;COMLIB.;DSG.;DYL.;DYLCICS.;II.;IMDIMS.;INF.;INFORM.;INFVSAM1.;INQY.;INTRAHCS.;ISPDYL1.;ISPDYL2.;ISPD41.;ISPD82.;ISPLHS.;ISPODY.;ISPQJ.;ISPQW.;MARKISPF.;MARKIV.;MARKV.;MCONFIG.;MIL.;TRANSACT.	"[{""PMFKEY"":""cafjo01""},{""PMFKEY"":""stoda04""}]"		stoda04	cafjo01
Vision:PDS	1	Stabilized	PDS	null	MFBUMISC.CN040950.DYL.PUB.PAN25LIB;MFBUMISC.ISPDYL2.DYLPDS	"[{""PMFKEY"":""cafjo01""},{""PMFKEY"":""stoda04""}]"		stoda04	cafjo01
VISION:Report (Quikjob) z/OS & VSE	16.1	Active	PDS	null	MFBUMISC.ISPQJ.BB16+;MFBUMISC.ISPQJ.DB16+;MFBUMISC.ISPQJ.OB16+;MFBUMISC.ISPQJ.DEV.ASMD;MFBUMISC.ISPQJ.DEV.MACD;MFBUMISC.ISPQJ.DEV.OBJD;MFBUMISC.ISPQJ.;MFBUMISC.ISPDYL2.DYL.CMDPROC;MFBUMISC.ISPDYL2.DYL.MLIB;MFBUMISC.ISPDYL2.DYL.PLIB;MFBUMISC.ISPQJ.DEV.;MFBUMISC.ISPQJ.OB161R.LOADLIB;MFBUMISC.ISPDYL2.DYL;ISPQJ.	"[{""PMFKEY"":""cafjo01""},{""PMFKEY"":""stoda04""}]"		stoda04	cafjo01
VISION:Results z/OS & VSE	4	Active	Panvalet	null	MFBUMISC.ISPD82.;MFBUMISC.ISPDYL2.DB+;MFBUMISC.ISPDYL2.IDMS+;MFBUMISC.ISPDYL2.INTFACE.IMS+;MFBUMISC.ISPDYL2.RSLT+;DYL.;MFBUMISC.ISPDYL2;ISPDYL	"[{""PMFKEY"":""cafjo01""},{""PMFKEY"":""stoda04""}]"		stoda04	cafjo01
VISION:Sixty z/OS & VSE	12	Active	Panvalet	null	MFBUMISC.ISPDYL2.RSLT+;MFBUMISC.ISPDYL2.SXTY+;MFBUMISC.ISPDYL2;MFBUMISC.INTRAHCS;MFBUMISC.ISPD82.SXTY;MFBUMISC.ISPQJ.DB;MFBUMISC.ISPQJ.VSE;MFBUMISC.ISPD82.;MFBUMISC.ISPQJ.	"[{""PMFKEY"":""cafjo01""},{""PMFKEY"":""stoda04""}]"		stoda04	cafjo01
Vision:Subroutines	1.5	Stabilized	PDS	null	MFBUMISC.ISPD82.SUBRTNS.SOURCE;MFBUMISC.ISPD82.SUBRTNS.SYSGEN;MFBUMISC.CN040950.DYL;MFBUMISC.DYL.PUB;MFBUMISC.ISPDYL2.VSIXT;MFBUMISC.CN040950.;MFBUMISC.DYL.;MFBUMISC.ISPDYL2.;MFBUMISC.ISPD82.	"[{""PMFKEY"":""cafjo01""},{""PMFKEY"":""stoda04""}]"		stoda04	cafjo01
Vision:Tables	R2.0	Stabilized	PDS	null	MFBUMISC.CN040950.DYL.PUB.PAN25LIB;MFBUMISC.ISPDYL2.DYLTABLE.;MFBUMISC.CN040950.;MFBUMISC.ISPDYL2.	"[{""PMFKEY"":""cafjo01""},{""PMFKEY"":""stoda04""}]"		stoda04	cafjo01
VISION:Transact (IMS & CICS)	r7.8	Active	PDS	null	MFBUMISC.MARKV.TR0+;MFBUMISC.MCONFIG.CL04+;MFBUMISC.MCONFIG.TR0+;MFBUMISC.MARKV.;MFBUMISC.MCONFIG.	"[{""PMFKEY"":""cafjo01""},{""PMFKEY"":""stoda04""}]"		stoda04	cafjo01
Visual Express	r1.5	Active	CSCR/Harvest	null	CSCR108	"[{""PMFKEY"":""grake02""},{""PMFKEY"":""urqst01""}]"		urqst01	grake02
VM:Account	R1.0A; R1.0B; R1.0C; R1.0D; r1.1; r1.2; r1.3; r1.4; r1.5A; r1.5B; r1.5C; r1.6; r1.7	Active	CPM	null	Type:;SFS	"[{""PMFKEY"":""jambr01""}]"		jambr01	
VM:Archiver	r2.4; r2.3; r2.2; r2.1; r2.0	Active	CPM	null	Type:;SFS	"[{""PMFKEY"":""jambr01""}]"		jambr01	
VM:Backup	r3.5;r3.4;r3.3;r3.2;r3.1;r3.0;r2.1;r2.0;r1.1;r1.0;r3.6	Active	CPM	null	Type:;SFS	"[{""PMFKEY"":""jambr01""}]"		jambr01	
VM:Batch	r1.4; r1.3b; r1.3a; r1.3; r1.2; r1.1; r1.0	Active	CPM	null	Type:;SFS	"[{""PMFKEY"":""jambr01""}]"		jambr01	
VM:Director/Secure	r2.9;r2.8;r2.7;r2.6;r2.5;r2.4;r2.3;r2.2;r2.1;r2.0;r1.1;r1.0;r3.0;r3.1	Active	CPM	null	Type:;SFS	"[{""PMFKEY"":""jambr01""}]"		jambr01	
"VM:Manager Common Components (VMAN, VMAIM, VMAIC, VMGRW)"	VMAN- V1.0; AIM-r7.2a; r7.2; r7.1; r7.0; r6.9; r6.8; r6.7; r6.3; r6.2; r6.1; r6.0; r5.6;AIC-r3.6c; r3.6b; r3.6a; r3.6; r3.5; r3.4; r3.3; r3.2;GRW-r4.7d; r4.7c; r4.7b; r4.7a; r4.7; r4.6; r4.5; r4.4	Active	CPM	null	Type:;SFS	"[{""PMFKEY"":""jambr01""}]"		jambr01	
VM:Operator	r3.1; r3.0; r2.5b; r2.5a; r2.5; r2.4; r2.3; r2.2; r2.1; r2.0; r1.2; r1.1; r1.0	Active	CPM	null	Type:;SFS	"[{""PMFKEY"":""jambr01""}]"		jambr01	
VM:ProREXX	r1.2; r1.1b; r1.1a; r1.0	Active	CPM	null	Type:;SFS	"[{""PMFKEY"":""jambr01""}]"		jambr01	
VM:Schedule	r1.4;r1.3a;r1.3;r1.2;r1.1;r1.0;v2.0	Active	CPM	null	Type:;SFS	"[{""PMFKEY"":""jambr01""}]"		jambr01	
VM:Sort	r1.4; r1.3a; r1.3; r1.2; r1.1; r1.0	Active	CPM	null	Type:;SFS	"[{""PMFKEY"":""jambr01""}]"		jambr01	
VM:Spool	r1.7;r1.6;r1.5;r1.4;r1.3;r1.2;r1.1;r1.0;r1.8	Active	CPM	null	Type:;SFS	"[{""PMFKEY"":""jambr01""}]"		jambr01	
VM:Tape	V2.0; r1.8; r1.7c; r1.7b; r1.7a; r1.7; r1.6; r1.5; r1.4; r1.3; r1.1; r1.0	Active	CPM	null	Type:;SFS	"[{""PMFKEY"":""jambr01""}]"		jambr01	
VM:Tape Linux Agent	r1	Active	CSCR/Harvest	null	CSCR801	"[{""PMFKEY"":""jambr01""}]"		jambr01	
VM:Webgateway	r3.1a; r3.0; r1.3; r1.2; r1.1; r1.0	End of Life	CPM	null	Type:;SFS	"[{""PMFKEY"":""jambr01""}]"		jambr01	
VMAN	r3.1	End of Life	PDS	null	MFBUMISC.NVI.VMAN+;MFBUMISC.NVI.VP+;MFBUMISC.VMAN+;MFBUMISC.NVI.	"[{""PMFKEY"":""cafjo01""},{""PMFKEY"":""stoda04""}]"		stoda04	cafjo01
VMLIB	3.1; 3.2	Stabilized	Panvalet	null	LIBSYS.VMLIB.*	"[{""PMFKEY"":""suljo02""},{""PMFKEY"":""cropa02""}]"			suljo02;cropa02
VMXMENU	r2.52; r2.51; r2.50	Active	CPM	null	Type:;SFS	"[{""PMFKEY"":""jambr01""}]"		jambr01	
VOLLIE	r5	Active	CMS	null	CMS;Disks:;VOLSOURC;VOLLIE;SFS;Directories:;VSEDEV.VOLLIE;COLSFS.VOLLIE	"[{""PMFKEY"":""stoda04""},{""PMFKEY"":""cafjo01""}]"		stoda04	cafjo01
VsamAid	4.3.1	Active	CSCRE/Endevor	null	ASMDSK.CSCRE.VAID.R432.*;ASM.ISM*.R4*.VAID.*	"[{""PMFKEY"":""casjo02""},{""PMFKEY"":""hurro01""}]"			casjo02
VSAMAID/VSE	r3.4; r3.3; r2.9	Active	CMS	null	CMS;Disks:;VSAMAID;SFS;Directories:;COLSFS.VAID;ISMQA.VSE.VAID	"[{""PMFKEY"":""stoda04""},{""PMFKEY"":""cafjo01""}]"		stoda04	cafjo01
VTAPE		Active	CSCRE/Endevor	VTAPE		"[{""PMFKEY"":""stoda04""}]"	angth01	giero01	stoda04
VTERM	Release 3.3	Active	CMS	null	Type:;CMS;DISK;Directories:;CAVTERM	"[{""PMFKEY"":""jambr01""}]"		jambr01	
Web Viewer CCI Client	r12;12.1	Internal	CSCR/Harvest	null	cscr809/WebView CCI Client	"[{""PMFKEY"":""kokja01""},{""PMFKEY"":""raubr02""}]"		kokja01	raubr02
WIZ		Active	CSCRE/Endevor	WIZ		"[{""PMFKEY"":""damda01""}]"			damda01
Workload Automation Test Scripts		Active	CSCR/Harvest	null	CSCR111	"[{""PMFKEY"":""veeka01""}]"			veeka01
Workload Control Center		Active	CSCR/Harvest	null	CSCR113	"[{""PMFKEY"":""havja02""}]"			havja02
Workstation Common	r12;r14;r14.5;r15;16.0;17.0;999	Internal	SCLM	null	XGN.PRD+++S.;XGN.HLD+++S.;XGN.BLD+++S.;XGN.INP+++S.;XGN.WRK+++S.;XGN.WK++++S.	"[{""PMFKEY"":""tucjo02""}]"			tucjo02
XCOM - Distributed	r2.1;r3.0;r11;r11.5;r11.6;r12.0	Active	CSCR/Harvest	null	CSCR806	"[{""PMFKEY"":""shuke01""},{""PMFKEY"":""sonra03""}]"		shuke01	sonra03
XCOM - Mainframe z/OS	11;11.5;11.6;12.0	Active	CSCRE/Endevor	XCOM	N/A	"[{""PMFKEY"":""niead01""},{""PMFKEY"":""obega01""},{""PMFKEY"":""strmi03""}]"		kokja01	niead01;obega01;strmi03
XCOM - Mainframe z/VM	2.4	Active	PDS	null	MFBUMISC.XCOM.VM241.ASSEMBLY.LISTING	"[{""PMFKEY"":""jambr01""}]"		jambr01	
XCOM - Mainframe z/VSE	3.1	Active	CSCRE/Endevor	XCOM	N/A	"[{""PMFKEY"":""niead01""},{""PMFKEY"":""obega01""},{""PMFKEY"":""strmi03""}]"		kokja01	niead01;obega01;strmi03
Xmanager DB2 Utilities	r11.5	End of Life	SCLM	null	XDU.PRD+++S.;XDU.HLD+++S.;XDU.BLD+++S.;XDU.INP+++S.;XDU.WRK+++S.;XDU.WK++++S.	"[{""PMFKEY"":""tucjo02""}]"			tucjo02
XNET Communications Server	r12;r14;r14.5;r15;16.0;17.0;999;18.0;19.0	Internal	SCLM;Endevor	DBT	Source resides on DEV DASD packs.;The GA releases of the datasets are stored on DEVR volumes which are tier-1 backed up DASD volumes.   For the pre-beta and BETA releases;the datasets are allocated on DEV volumes which are not part of DR.    When the products are moved into GA;the datasets are moved to the DEVR volumes.	"[{""PMFKEY"":""tucjo02""}]"			tucjo02
XPRINT (Express Print)	r3.3	Active	CMS	null	SFS;Directories:;EPRAPVTM	"[{""PMFKEY"":""stoda04""},{""PMFKEY"":""cafjo01""}]"		stoda04	cafjo01
XPS		Active	CSCRE/Endevor	XPS		"[{""PMFKEY"":""casjo02""},{""PMFKEY"":""carju01""}]"			casjo02
Z2L		Active	CSCRE/Endevor	Z2L		"[{""PMFKEY"":""kucka01""}]"			kucka01
zIIP Enablement BlackBox	v1.0	Internal	PDS	null	AUPK0.ZIIP.GL1502.*	"[{""PMFKEY"":""joheu02""},{""PMFKEY"":""angth01""},{""PMFKEY"":""norst02""}]"	angth01	norst02	joheu02
